club,season,prev_position_1,prev_position_2,prev_position_3,transfer_spend_million,squad_value_million,age_mean,tier_label
Leeds United,2020,14,17.0,15.0,58.12341224696858,53.394592826561805,27.01408801956656,Mid
Inter Milan,2024,16,3.0,1.0,103.61798056845927,384.9933842110475,26.37484304531446,Relegation
Rangers,2002,14,1.0,1.0,87.74958597790027,368.26767208963867,24.846579517205274,Mid
Leverkusen,2000,6,1.0,8.0,163.07570365410135,637.2644981979847,24.62111648145176,Europe
Brentford,2008,14,16.0,7.0,4.55577602708409,188.19848482499256,27.088126794551304,Mid
West Ham,2018,20,16.0,16.0,29.123932871491736,27.98779943598262,25.182443219360824,Relegation
Spurs,2007,1,3.0,9.0,160.08030796245015,759.675991643661,26.88163126495182,Top4
Ipswich Town,2023,16,10.0,16.0,21.620875953122308,40.53724127982801,25.85986432467647,Relegation
Inter Turku,2009,20,8.0,15.0,40.89139845770912,44.91838879929098,26.535854564927437,Relegation
Freiburg,2003,15,14.0,16.0,18.893233706488136,38.1882459819164,25.91773477218816,Mid
Leeds United,2013,15,19.0,6.0,59.83034550930496,96.71263440247512,29.321735604160885,Mid
Waterford,2015,17,8.0,11.0,48.368221330737214,64.37358301483694,24.603783797458508,Relegation
Roma,2014,20,19.0,7.0,10.7792370093892,100.19749497354036,27.17179262162769,Relegation
Girona,2021,15,18.0,11.0,3.815251533807279,121.88669788893374,29.38543661821792,Mid
West Ham,2013,15,15.0,13.0,11.999857466511015,160.32520524201558,25.756046430510292,Mid
Ajax,2012,14,6.0,7.0,130.96836089673792,241.4239503044793,29.616515699379164,Mid
Getafe,2024,20,9.0,16.0,46.26449633340573,168.10226333780477,23.62763894558572,Relegation
Newcastle United,2003,20,9.0,17.0,14.984643569391835,62.2413268870792,28.80641734011106,Relegation
Marseille,2014,20,9.0,7.0,31.42390494553075,103.39285758910344,28.32007209985749,Relegation
Malmo FF,2000,18,13.0,17.0,16.00141265524701,73.18422643281667,29.483152035871814,Relegation
AC Milan,2022,13,2.0,9.0,72.17579639082679,613.1628614056249,26.50063188885568,Mid
Atletico Madrid,2003,19,7.0,6.0,151.62681179150908,326.04709064450896,25.371329949509697,Relegation
Celtic,2004,13,4.0,5.0,143.31848161529797,231.34491535326777,31.13073272529761,Mid
Aberdeen,2003,20,11.0,7.0,44.0847021822447,131.45109236585063,25.810676588257365,Relegation
Arsenal,2002,7,1.0,4.0,166.04638219431877,622.6050722110973,26.299898713162683,Europe
Getafe,2008,15,6.0,7.0,25.34444293777416,86.96325544270097,27.4155553981502,Mid
KuPS,2008,19,17.0,6.0,46.59576482412991,118.71544933884128,26.49021802715581,Relegation
Stade Rennais,2014,12,,,12.753701218749134,,,Mid
Getafe,2012,16,9.0,16.0,57.5539483161087,172.48576593720617,26.05254816525444,Relegation
Ipswich Town,2024,14,15.0,13.0,51.18634741262713,121.02010189085448,25.68724751849704,Mid
Roma,2019,15,16.0,17.0,56.67839397639303,192.8244087929805,25.62828093182497,Mid
Oulu,2022,8,13.0,16.0,10.752834882139716,173.76694201952043,25.89839699961537,Europe
Manchester United,2008,8,6.0,9.0,42.12016536062569,407.1600222010596,23.017554389950128,Europe
Leeds United,2014,14,18.0,13.0,10.653805450308482,163.0657187749873,24.96815077430393,Mid
Oulu,2005,20,13.0,14.0,5.414451106503409,98.92220874510409,27.00051858991809,Relegation
Ajax,2010,8,4.0,1.0,173.21788373218098,762.9158954887189,27.73858954442077,Europe
Arsenal,2005,11,3.0,3.0,79.7162308411443,604.342367864083,28.058239217667893,Mid
Galway United,2000,20,19.0,17.0,50.61361391377152,59.82296536029152,28.300392624608243,Relegation
Stade Rennais,2016,15,17.0,19.0,50.29333331878947,22.64480995789169,24.996718816327792,Mid
Girona,2015,17,12.0,12.0,43.83938868963703,195.65337430325624,29.2651206374808,Relegation
West Ham,2007,14,7.0,8.0,43.21764559882028,126.03953620476108,27.19011251544947,Mid
Girona,2008,12,14.0,12.0,54.88119260083181,112.0416317949688,28.65603449250029,Mid
Brentford,2011,10,15.0,8.0,43.34051136860914,91.98293722474811,24.91204097590438,Mid
Inter Milan,2018,11,6.0,2.0,109.24270073588202,679.810718255331,25.85164324125306,Mid
Leeds United,2005,17,7.0,16.0,1.535271874510773,167.36229568997152,26.634934222190186,Relegation
Celtic,2008,8,5.0,4.0,55.88835244059087,346.204849494018,27.127280617701626,Europe
Rangers,2006,14,6.0,9.0,166.94304228885562,893.3822229390934,26.31440749559924,Mid
Waterford,2003,18,11.0,15.0,3.3241181878763446,123.31097589242188,25.96185109585728,Relegation
Girona,2023,19,9.0,5.0,28.415754963437077,136.9592628756974,27.399844950566507,Relegation
Galway United,2010,20,19.0,8.0,33.82335242816768,25.24793348397602,26.648603613885115,Relegation
Wolfsburg,2016,12,17.0,15.0,19.476557694219657,163.74678902889522,27.01017655960697,Mid
Ipswich Town,2004,14,7.0,19.0,14.016105209961465,127.680552931473,23.70019507439041,Mid
Celtic,2021,19,4.0,5.0,167.07370600790486,393.03729777594987,26.31307330571481,Relegation
Newcastle United,2004,15,15.0,7.0,27.079438053188596,79.56008533805095,29.42655144703003,Mid
Hibernian,2015,17,7.0,6.0,7.754770645888402,89.09099894809631,25.577840702264623,Relegation
Roma,2006,20,12.0,14.0,53.86843159587983,172.4949990260447,24.794287929195665,Relegation
Cardiff City,2003,20,18.0,14.0,41.84890406311044,61.9999080768788,25.984035892849302,Relegation
Getafe,2010,20,12.0,13.0,15.055932991834789,87.99119951173307,24.833254280883853,Relegation
Galway United,2011,20,7.0,19.0,6.648014229919441,77.1850455584892,24.22404067648226,Relegation
Marseille,2023,20,12.0,19.0,45.4759523335839,23.720846400542804,26.699885850791915,Relegation
Manchester United,2003,6,5.0,4.0,179.62172840749363,779.6817803044399,27.03014629972962,Europe
Waterford,2018,19,10.0,8.0,39.72676570370127,116.32742006246306,26.665388676233363,Relegation
Hibernian,2014,18,16.0,18.0,4.016987505083943,66.36929966006994,26.71730149698633,Relegation
Inter Milan,2015,9,4.0,1.0,127.81738641237696,401.34291033057474,27.5230892628652,Mid
Oulu,2002,20,10.0,11.0,24.36173373610869,140.47554964913826,25.20420315119044,Relegation
Derry City,2014,20,8.0,12.0,24.571608290629158,78.82304705439992,28.115384237939278,Relegation
Atletico Madrid,2020,15,6.0,8.0,183.482467940228,256.1636219631495,25.87982314177345,Mid
Stade Rennais,2024,15,16.0,9.0,39.1410657566379,195.35499988694428,24.29871210137134,Mid
Rangers,2013,10,2.0,8.0,87.24647904767093,362.6690261392335,26.39283151435183,Mid
Arsenal,2024,15,4.0,6.0,164.7614039660849,279.9665481442778,25.68261664756164,Mid
Marseille,2011,19,7.0,8.0,13.063192277227996,65.95563377070769,27.619151480303987,Relegation
Galway United,2005,15,19.0,18.0,5.03857670139499,95.18005924705903,27.170308751204047,Mid
KuPS,2024,20,10.0,16.0,3.2997799190066943,140.03253043501846,27.237313181315965,Relegation
Brentford,2005,14,14.0,16.0,9.790519502241487,114.79228350841272,26.27501816290041,Mid
Brentford,2022,11,17.0,11.0,33.25514735013013,61.75047730087557,26.279496997557267,Mid
Manchester United,2022,13,5.0,5.0,75.50407372549967,700.2488924361069,27.02471851382329,Mid
Shamrock Rovers,2018,15,,,6.165371177639056,,,Mid
Ajax,2023,12,3.0,2.0,154.30625623527965,453.1529663887312,25.955865200800663,Mid
Galway United,2023,15,12.0,18.0,46.80113817344092,43.49022754109316,22.44477980535764,Mid
West Ham,2021,12,16.0,9.0,3.8782313187172126,115.86845349213718,27.861242152625884,Mid
Bayern,2021,18,1.0,4.0,137.0193511093401,297.4386172322709,30.443818946950408,Relegation
Marseille,2021,15,8.0,18.0,8.396032071750753,80.65365062914216,27.558047815342675,Mid
Wolfsburg,2002,20,,,29.59708094067277,,,Relegation
Rayo Vallecano,2015,20,7.0,10.0,43.43290491806357,61.12185343963377,24.80825916924804,Relegation
Rangers,2012,13,1.0,7.0,174.73190998377268,369.5618524771969,24.750986666387163,Mid
Hearts of Midlothian,2013,19,9.0,17.0,57.80581106736753,150.80077857265815,27.83299413032644,Relegation
Ajax,2024,9,1.0,4.0,84.0858507425362,546.1647875842855,25.672658786613987,Mid
Celtic,2017,6,4.0,3.0,165.18213271361395,714.2045461849892,24.92721383019221,Europe
Hearts of Midlothian,2012,20,8.0,7.0,45.48375231221025,164.88321983145894,27.625880280753663,Relegation
Brentford,2014,18,12.0,10.0,33.46336598721945,27.81425591386745,27.32873493162572,Relegation
Real Madrid,2003,16,5.0,1.0,59.17845877338925,436.3306199825396,26.258071432500987,Relegation
Roma,2024,14,17.0,14.0,48.48043419739199,28.290212154192147,25.7650747672592,Mid
Real Madrid,2002,13,7.0,6.0,121.71956841241052,492.1877022041453,26.891582908269832,Mid
Real Madrid,2023,14,3.0,2.0,96.01254523114812,651.5723534213954,27.775180873185786,Mid
Inter Milan,2021,11,4.0,8.0,84.21105735453658,502.4132493161542,25.757828581349678,Mid
Inter Turku,2024,20,18.0,15.0,53.27951268347928,55.39764529153257,25.156665859680498,Relegation
Inter Turku,2021,13,7.0,8.0,5.634912024499902,153.30165018671178,26.949661845582348,Mid
Real Madrid,2005,9,4.0,7.0,119.55976094278168,410.6148168717388,26.59034531491154,Mid
Oulu,2000,19,14.0,7.0,12.832625692870725,58.92086164300034,27.994012989083004,Relegation
Newcastle United,2012,15,15.0,8.0,59.211177254571965,193.72136535848816,27.874491512053723,Mid
Arsenal,2000,10,5.0,4.0,59.9460289925227,844.5893178321606,26.31131961985053,Mid
Inter Milan,2008,8,6.0,2.0,110.02581250371256,364.4813834971669,27.83557474527968,Europe
Arsenal,2015,16,5.0,8.0,44.33535880055736,355.3805133530646,27.582508096064853,Relegation
Girona,2011,19,11.0,7.0,28.47028306981515,117.6760342473638,25.216106623255943,Relegation
Leeds United,2019,17,8.0,5.0,39.44834269717722,86.334741870277,27.790144576214605,Relegation
Shamrock Rovers,2019,12,10.0,7.0,18.332778464289056,27.4698500929543,25.514972814834834,Mid
Real Betis,2021,17,12.0,19.0,47.29542757271426,135.08504425536364,30.30888668681634,Relegation
Roma,2020,12,10.0,6.0,58.05610820413606,90.7028796456818,27.11148438043742,Mid
West Ham,2014,18,12.0,5.0,31.577361633907135,127.5093330374614,26.24782765656206,Relegation
Girona,2001,12,14.0,9.0,55.7707951926758,97.07314669711658,27.57100074113814,Mid
Newcastle United,2024,16,8.0,17.0,49.25221875432627,41.63762996670952,26.2403922635742,Relegation
AC Milan,2008,14,1.0,4.0,156.11614565825653,632.074314594108,24.0646671429653,Mid
Oulu,2006,16,14.0,12.0,7.751459598129156,21.567106471257844,26.530818068331573,Relegation
FC Barcelona,2010,12,2.0,6.0,73.27066605891021,597.390229473994,23.23249862976444,Mid
Inter Milan,2008,17,6.0,2.0,110.02581250371256,364.4813834971669,27.83557474527968,Relegation
Leverkusen,2001,10,1.0,4.0,138.40207488621866,742.2436464464516,25.74630626963408,Mid
Leeds United,2016,14,16.0,7.0,57.10095017277421,47.19042052056204,27.475301766937992,Mid
Getafe,2006,15,18.0,15.0,52.770848798096125,152.31278788469945,25.46063560710902,Mid
Leverkusen,2006,16,4.0,3.0,181.90798403348316,652.0675688586442,27.790710232539617,Mid
Cardiff City,2014,11,12.0,17.0,17.045319004493724,59.22044833281392,28.280101930266,Mid
Rayo Vallecano,2013,17,14.0,16.0,44.16378178356458,34.69339676550612,24.952635629694765,Relegation
West Ham,2022,15,8.0,12.0,40.064608596287314,117.88020343953188,26.55384182465155,Mid
Galway United,2016,17,18.0,18.0,7.349236900831672,158.2630721085588,22.23477206192233,Relegation
Freiburg,2011,20,18.0,9.0,12.732520388742458,31.631002371935505,26.316479646038346,Relegation
Waterford,2005,20,15.0,16.0,22.482653725619468,121.91870283547098,30.14371648301823,Relegation
Bayern,2009,6,4.0,1.0,88.13649733652082,886.8654620410127,26.049859058143923,Europe
Rayo Vallecano,2012,19,15.0,10.0,27.68677878657971,135.8439851353745,27.925218206498247,Relegation
KuPS,2011,19,8.0,16.0,44.792938044746144,50.57858108913236,26.726305319916303,Relegation
Getafe,2017,18,16.0,6.0,58.15046469447396,143.84540183150705,26.63510888047249,Relegation
Malmo FF,2005,15,15.0,9.0,12.516632709741067,142.12841035710463,27.527264105997364,Mid
Real Betis,2003,14,10.0,15.0,55.22782720144091,65.53823023806339,26.344238323855,Mid
Freiburg,2010,13,10.0,5.0,20.086523299776957,170.17460587185815,27.369098858761006,Mid
Wolfsburg,2019,16,12.0,15.0,41.52479886282672,36.7454875628049,27.9785949935198,Relegation
KuPS,2015,19,11.0,12.0,35.72179117438034,53.36710023485207,28.050887714628335,Relegation
Celtic,2024,12,3.0,9.0,97.9628939357746,708.0015242539644,28.561657139756225,Mid
Manchester United,2007,13,7.0,1.0,95.16502721162352,523.2904368925772,26.659262454619757,Mid
Manchester United,2000,6,5.0,5.0,165.84358118253553,859.7719152640817,27.78408883524556,Europe
Ipswich Town,2014,17,9.0,12.0,28.8515656176229,22.41247275778981,25.001030863524797,Relegation
Spurs,2005,12,2.0,5.0,156.93879603258307,856.8383197747265,27.46570390255648,Mid
Arsenal,2018,6,6.0,8.0,169.09602383401375,873.8545229884123,25.937768788675605,Europe
AC Milan,2007,8,1.0,1.0,42.46318267060936,608.0482397629842,26.00932270511678,Europe
Malmo FF,2008,20,15.0,9.0,47.36959129632589,131.22768077233366,27.761258139049986,Relegation
Oulu,2008,20,9.0,17.0,18.846262720907667,195.56718988635572,28.135651512098665,Relegation
AC Milan,2023,15,7.0,6.0,44.52980390442684,347.02054466139714,27.968386010298136,Mid
Getafe,2016,18,15.0,9.0,44.485097850669526,118.264838629698,26.48677443063129,Relegation
Cardiff City,2004,17,18.0,12.0,45.0776177606127,59.368500003177054,28.10933011448934,Relegation
Atletico Madrid,2019,15,6.0,5.0,64.45746226949312,372.1704098691557,25.927134666446857,Mid
Arsenal,2022,18,2.0,3.0,134.44719080236922,387.6445485760134,25.27554188641773,Relegation
Rangers,2000,10,5.0,2.0,110.95293382110466,621.4818897483457,28.42110168784059,Mid
KuPS,2012,17,18.0,14.0,54.58548083331905,156.56875780950574,26.32318890312761,Relegation
Stade Rennais,2020,17,11.0,5.0,19.39996761709611,159.31844806749726,27.320678672762813,Relegation
Liverpool,2016,14,6.0,2.0,56.49499936219918,420.2175897665876,27.495605820832036,Mid
Hibernian,2018,12,7.0,19.0,39.11967432529872,136.36101622242927,26.8485404165258,Mid
Celtic,2023,8,2.0,4.0,85.72536888413923,342.2561637602611,25.60650805893476,Europe
Leverkusen,2015,10,1.0,5.0,181.0321247480034,394.5314680742075,26.470564771284288,Mid
Wolfsburg,2008,16,14.0,12.0,28.371951231927632,183.6596370550808,26.22928012961406,Relegation
Celtic,2014,13,2.0,3.0,68.34734804349849,555.2124562838195,28.02988686939546,Mid
Malmo FF,2001,16,19.0,13.0,24.38244490439501,73.33864434196401,27.001177974445,Relegation
Arsenal,2019,16,4.0,5.0,62.573095804434175,484.4746157914654,25.594845617645856,Relegation
Getafe,2011,17,6.0,18.0,30.297110250301586,90.13125551945664,25.61552071496925,Relegation
Rangers,2019,13,4.0,4.0,88.51104951376738,402.9790832605263,27.67327391193364,Mid
Ipswich Town,2015,17,13.0,16.0,3.6310995940047306,26.53177207043039,25.06890737838052,Relegation
Real Betis,2001,17,14.0,12.0,32.17383715653534,98.54044968918008,22.811209956882177,Relegation
Newcastle United,2014,20,11.0,8.0,8.41874919659228,43.88863768746993,25.40097371311357,Relegation
Real Madrid,2014,15,4.0,9.0,122.66174260336228,382.5804223812863,27.334182697800948,Mid
Derry City,2016,13,12.0,9.0,8.003836635037576,196.50228087093024,25.13191884676914,Mid
FC Barcelona,2016,13,2.0,9.0,186.3935480870049,795.0270044528595,25.155497225306046,Mid
Hibernian,2023,14,10.0,18.0,33.9599013905751,81.77012357107847,26.639267351711677,Mid
Newcastle United,2001,18,12.0,13.0,40.0946554614909,37.14707143183273,24.03133520572702,Relegation
Derry City,2004,17,13.0,14.0,11.454357559660275,72.96801259468057,27.587799209009777,Relegation
Arsenal,2014,6,7.0,7.0,64.98441557859046,701.1805601931783,29.128405665135435,Europe
Atletico Madrid,2011,9,2.0,8.0,61.29870857399652,681.0158537823318,27.2077404868996,Mid
Getafe,2005,15,15.0,18.0,49.05364047274721,70.73385945921198,27.03552322894757,Mid
Atletico Madrid,2001,9,2.0,8.0,174.73462640299354,738.2424189207783,24.21525869429236,Europe
Real Betis,2018,19,6.0,5.0,45.66294879816149,28.441364202419585,21.282746179545164,Relegation
Malmo FF,2015,20,17.0,16.0,1.845523446153074,106.10038670070006,27.365190735870726,Relegation
Stade Rennais,2000,18,18.0,16.0,7.011650895894798,84.84210538407702,25.19930467643365,Relegation
Hearts of Midlothian,2003,15,18.0,6.0,20.18113691047024,143.53889540349752,25.896899883224997,Mid
Shamrock Rovers,2012,15,14.0,8.0,55.77462683254214,199.35169286223,27.47384318545765,Mid
Celtic,2001,12,6.0,2.0,101.47833922198102,515.0863528273526,28.74401081907577,Mid
Getafe,2020,16,13.0,17.0,22.867886676946565,166.30392210635046,26.618513521366086,Relegation
Rayo Vallecano,2018,20,9.0,9.0,21.41016456027081,86.78697733722849,27.809737822928724,Relegation
Inter Turku,2020,20,17.0,12.0,57.25857077323902,178.69081517803957,28.276258791490218,Relegation
Wolfsburg,2000,15,6.0,12.0,7.771363440283831,174.8251448028983,26.056688139780174,Mid
Real Betis,2008,9,,,23.907834655402457,,,Mid
Oulu,2007,9,12.0,12.0,13.22910576499239,133.50456948495662,25.826925147002356,Mid
Marseille,2013,15,15.0,19.0,52.890297672959456,102.8004312045438,25.52056301311328,Mid
Arsenal,2017,11,3.0,3.0,144.43937725629996,366.7279467327086,26.1395119027628,Mid
KuPS,2004,16,18.0,15.0,3.527415752027681,100.34964024737506,28.519267395439936,Relegation
Real Betis,2024,18,7.0,8.0,33.29933210704758,101.1638805348988,26.10513743114206,Relegation
West Ham,2010,17,13.0,19.0,56.73918931519321,104.13227202497654,25.261622735473807,Relegation
Ipswich Town,2012,16,15.0,9.0,42.655121452177454,133.61071627220713,25.700948740507133,Relegation
Real Madrid,2016,10,3.0,4.0,181.9338278824188,745.9128821003367,24.519315080373584,Mid
Roma,2010,18,7.0,14.0,9.69087961245925,21.41148633894503,25.247285647554964,Relegation
FC Barcelona,2005,8,7.0,3.0,101.19391860274604,888.2616200647517,25.38638974432124,Europe
Girona,2014,8,10.0,11.0,6.035500434632311,29.302709810349384,30.08355393608869,Europe
Manchester United,2010,9,1.0,7.0,40.31874163505124,703.1177324974713,26.66815742023677,Mid
Real Madrid,2020,9,5.0,4.0,98.63500553325758,720.9193661395936,27.68062690561368,Mid
Waterford,2002,16,19.0,6.0,55.6613640794149,95.53292890522586,25.15759396968795,Relegation
Inter Milan,2004,12,2.0,9.0,71.23849647303872,441.7393665714215,27.15925184593034,Mid
FC Barcelona,2003,13,5.0,1.0,88.67875887352604,567.3295021425665,25.71224528923278,Mid
Hearts of Midlothian,2023,15,13.0,16.0,54.72991818667324,103.5979825205977,25.91713884514131,Mid
Galway United,2006,20,12.0,19.0,37.15495429665411,188.92678847854785,25.620203095654094,Relegation
Marseille,2007,19,13.0,17.0,14.268522792138835,97.64851677933343,27.23769449738212,Relegation
Hibernian,2012,17,13.0,17.0,43.12792602354453,129.42293853632668,27.88187152736552,Relegation
Stade Rennais,2018,10,14.0,7.0,24.85309508803728,115.56878211417688,25.00847593808723,Mid
Wolfsburg,2007,18,15.0,16.0,46.54873610228943,24.89013582060077,24.155213786955013,Relegation
Arsenal,2020,6,2.0,7.0,157.74473811136036,793.6896668268184,26.11431659312917,Europe
Marseille,2005,10,10.0,15.0,25.520629858532796,172.50890018993468,27.230746660330286,Mid
Hibernian,2021,19,8.0,18.0,9.386090303814004,22.107189931562733,29.029958778706515,Relegation
Bayern,2004,12,5.0,8.0,180.81265400983327,655.6141583330359,23.509396536142816,Mid
Hearts of Midlothian,2002,20,19.0,19.0,15.98451759974946,25.600807985124383,27.42799590622097,Relegation
Brentford,2003,16,19.0,14.0,45.80131534744909,110.08015564353346,27.433595305784934,Relegation
Hearts of Midlothian,2024,12,9.0,17.0,11.06433278186831,190.6594976308596,25.17277544996553,Mid
KuPS,2018,15,6.0,18.0,41.84917642520243,67.53115724486938,28.045870878436087,Mid
KuPS,2012,20,18.0,14.0,54.58548083331905,156.56875780950574,26.32318890312761,Relegation
Manchester United,2005,11,7.0,1.0,90.97743404217717,832.4909104027712,23.171049440878697,Mid
Cardiff City,2024,18,19.0,7.0,48.935955441606126,78.84938438060155,25.273426786404805,Relegation
Manchester United,2016,12,2.0,8.0,152.34337538909273,320.1857353938147,22.546378391474683,Mid
Spurs,2014,8,7.0,1.0,125.35377471621145,825.7248081356704,25.76890746411828,Europe
Shamrock Rovers,2001,14,10.0,18.0,59.32277723173136,24.54272225268756,26.791161446430035,Mid
Bayern,2008,10,7.0,9.0,67.27647010782681,486.63449710364273,28.37371096253668,Mid
Rangers,2017,1,7.0,1.0,155.16663253674977,806.8534278463186,25.7821338330678,Top4
Galway United,2015,9,12.0,9.0,1.4754870971850675,189.7714681330313,26.297336099213744,Mid
Getafe,2003,20,8.0,15.0,56.54642371781498,89.49847480413936,26.92148780160255,Relegation
Real Betis,2009,13,9.0,15.0,42.19154112716496,116.49734594194167,24.493232764287438,Mid
Liverpool,2001,8,1.0,9.0,126.66147434573872,643.4347538783031,24.48594016224057,Europe
Real Betis,2011,12,7.0,14.0,56.03098051788678,175.8915001100735,28.714987938144443,Mid
Atletico Madrid,2018,10,3.0,6.0,136.92397109710194,366.0587542151961,27.393101703565637,Mid
Wolfsburg,2004,17,13.0,10.0,48.57781341673753,102.66317796745246,25.5310537313132,Relegation
Liverpool,2006,5,3.0,9.0,82.63974293934115,712.5292049213436,27.567433975706237,Europe
Bayern,2007,6,4.0,4.0,193.8665177527701,644.4720319137232,26.41634638351344,Europe
Manchester United,2021,11,3.0,9.0,147.71943029672505,485.68333977814615,28.50152548892395,Mid
Brentford,2024,17,11.0,17.0,43.3382681738324,144.63850723838652,28.958675208166103,Relegation
Bayern,2010,15,3.0,7.0,103.8905465294893,306.6912093312922,28.319646549968773,Mid
Real Betis,2002,15,15.0,16.0,58.69613945650198,120.0809069556652,26.09889904317493,Mid
Oulu,2015,20,15.0,19.0,3.652725053901517,42.74416663661191,28.77521930069481,Relegation
Real Madrid,2021,10,3.0,1.0,89.28972669638227,579.7781613884295,29.910017737026223,Mid
FC Barcelona,2004,12,4.0,9.0,86.59666243168671,628.2970263056657,25.85793090373565,Mid
Galway United,2002,17,10.0,12.0,56.02073782673941,41.355877833484456,26.785635834887582,Relegation
Freiburg,2012,18,6.0,16.0,39.11931728428797,109.8800902961513,25.84726510321787,Relegation
Real Betis,2023,19,7.0,18.0,33.73412090399131,36.38037638923945,26.860526734116217,Relegation
Bayern,2012,18,7.0,1.0,137.35782602556662,554.7869022743378,26.063790879783944,Relegation
KuPS,2017,14,6.0,14.0,42.07321256313759,88.90377759854981,27.26618813279139,Mid
Cardiff City,2002,19,8.0,14.0,17.982046632244746,36.78886042007058,24.990595968511773,Relegation
West Ham,2002,16,16.0,11.0,11.942901665026625,89.11350018555063,26.470177584566706,Relegation
Celtic,2003,14,3.0,9.0,44.38724959562522,475.0819577417039,28.595619251099976,Mid
Liverpool,2011,1,6.0,6.0,157.21153555364003,350.45826501352974,27.33271793306668,Top4
Inter Milan,2023,8,5.0,2.0,152.72870848439123,495.9100458257526,25.113650283597543,Europe
Shamrock Rovers,2000,20,8.0,14.0,22.67605299312716,35.663099294501976,28.269587812541065,Relegation
Cardiff City,2013,20,18.0,8.0,37.254660873186246,124.61517626977218,27.811265375857484,Relegation
Wolfsburg,2014,18,12.0,7.0,22.42294346140661,181.49354137363144,26.54098414129626,Relegation
Ipswich Town,2020,20,12.0,9.0,4.0832148778754025,95.38279743334904,26.630996586873117,Relegation
Leverkusen,2007,3,7.0,7.0,175.4422941904445,843.2485735476881,25.625383842146597,Top4
Hibernian,2006,13,9.0,12.0,35.86117903499145,116.6613479032445,26.946881597889703,Mid
Marseille,2019,17,8.0,19.0,38.79749997535261,94.86990282473393,27.386662920307813,Relegation
Aberdeen,2018,20,19.0,12.0,59.16251393016214,20.03357507071936,23.968983479333936,Relegation
Manchester United,2015,11,7.0,1.0,108.63109334882309,578.6335026866566,29.632664159304888,Mid
Waterford,2013,16,12.0,8.0,33.29747558240383,152.1029678603365,24.933138670214927,Relegation
Liverpool,2014,19,1.0,9.0,152.7880879502325,618.8002407877082,25.30457284633817,Relegation
Atletico Madrid,2012,11,4.0,2.0,111.58597869175274,572.8320865185162,27.476597585005457,Mid
Galway United,2010,17,19.0,8.0,33.82335242816768,25.24793348397602,26.648603613885115,Relegation
Wolfsburg,2022,16,,,45.81536219676328,,,Relegation
Wolfsburg,2015,15,17.0,5.0,2.969632505396492,85.46476245610525,24.57523385810529,Mid
Atletico Madrid,2009,17,1.0,3.0,69.52336309702036,346.54452633569724,26.08742245427253,Relegation
Malmo FF,2017,16,16.0,14.0,33.03688982371089,87.28545959606043,27.872642109374425,Relegation
Cardiff City,2024,19,19.0,7.0,48.935955441606126,78.84938438060155,25.273426786404805,Relegation
Oulu,2009,17,15.0,10.0,53.99604577324087,159.82459978517983,25.766725235885847,Relegation
Atletico Madrid,2021,11,3.0,8.0,151.51383397862745,898.0788743378761,26.760949493754357,Mid
Derry City,2010,17,9.0,10.0,41.24703653213646,190.98194028429367,24.546641186475515,Relegation
Derry City,2000,13,15.0,6.0,59.510068328974654,117.38052180697925,25.81830858807253,Mid
West Ham,2012,20,18.0,18.0,14.609518891347763,51.77504576099149,28.93166283668157,Relegation
Rangers,2015,18,5.0,7.0,116.22991781500666,358.22029847119984,26.209260791840794,Relegation
Cardiff City,2010,16,10.0,16.0,10.788160437876387,24.44314830042523,27.57519819698425,Relegation
Hibernian,2024,12,12.0,12.0,39.48520726692444,172.20878533818322,25.530659035234294,Mid
Inter Milan,2006,7,2.0,4.0,165.79290436176927,714.110752452914,26.059049578503725,Europe
Celtic,2011,12,7.0,6.0,136.47086023671386,778.6951518190413,26.339046783993656,Mid
Real Betis,2005,13,6.0,9.0,42.11857829596507,89.15632964825959,25.04933341809855,Mid
Spurs,2013,12,3.0,8.0,150.99481718453416,316.7115319953682,25.352812919566823,Mid
Rangers,2020,7,6.0,4.0,62.86015381430588,742.7423052821949,26.46163853171201,Europe
Bayern,2000,11,7.0,8.0,60.54308631266004,272.87675456891645,27.353474618777916,Mid
Atletico Madrid,2002,8,6.0,3.0,125.96214667425122,522.0834112885004,28.30887281086388,Europe
Malmo FF,2014,13,14.0,11.0,36.31521659984784,94.54539227881992,26.57767577679843,Mid
Inter Milan,2001,13,1.0,1.0,153.35835159884758,320.4624605066816,24.911031068323386,Mid
Cardiff City,2008,15,7.0,5.0,40.69798087582414,150.36581494984398,29.94096592493972,Mid
Shamrock Rovers,2015,15,15.0,18.0,4.275976935739883,122.3236817314292,28.83400085775881,Mid
Ajax,2016,4,4.0,2.0,51.06457083496019,779.2491191449714,24.994508182492297,Top4
Freiburg,2024,15,15.0,10.0,5.874442144096853,112.63836558323209,27.5784299659976,Mid
Real Madrid,2006,4,6.0,7.0,84.58343427785783,835.7861201766576,30.194863168727927,Top4
Roma,2017,17,16.0,9.0,26.78275725427163,126.84096836818148,26.997765794887773,Relegation
AC Milan,2017,7,3.0,8.0,72.04512285882015,631.7485254967788,27.80373409658391,Europe
Newcastle United,2021,19,14.0,17.0,47.16074355943813,122.0629269776002,25.902518640964058,Relegation
Marseille,2001,19,16.0,13.0,24.76309950927286,181.0357035639742,26.48919993131449,Relegation
Real Betis,2012,15,18.0,9.0,2.555651495337868,87.76340603804893,26.943216286634776,Mid
Inter Turku,2017,11,13.0,16.0,3.498194447570646,124.35070827750046,28.417494205478075,Mid
Atletico Madrid,2007,8,1.0,9.0,54.76649379659938,536.8017758394053,26.68375824750928,Europe
Ajax,2004,17,2.0,3.0,194.8484380237576,584.9049248550787,25.72717240928764,Relegation
Wolfsburg,2018,19,10.0,18.0,38.44560512198255,49.8718811532413,26.219283602493174,Relegation
Manchester United,2024,13,6.0,9.0,117.61514559672642,433.539877085806,26.14163073702396,Mid
Celtic,2018,15,2.0,3.0,72.20993725158932,476.59642028502304,24.69845475088461,Mid
Inter Milan,2017,11,6.0,5.0,50.936512049593375,748.6318897388751,25.197338456121777,Mid
Ajax,2003,13,7.0,9.0,106.47088009473434,216.8035313914222,24.98410267010663,Mid
Leeds United,2011,16,18.0,16.0,2.450628071069289,23.982239275219506,27.06581781259678,Relegation
Rayo Vallecano,2019,18,9.0,16.0,3.3664422933364664,176.06566930204073,24.15728970790679,Relegation
Liverpool,2009,11,2.0,5.0,173.9326385124847,506.0353774500705,25.36692560147001,Mid
Waterford,2014,20,7.0,9.0,49.81403673474259,125.27095370399876,23.89477538718396,Relegation
Leverkusen,2016,3,3.0,2.0,72.64570154062382,588.5594645116004,27.579755936307087,Top4
Roma,2013,19,7.0,18.0,33.2480513799054,97.90688039770448,25.57354508590863,Relegation
Celtic,2012,15,5.0,6.0,126.62521717561364,307.901530224941,27.171575388715414,Mid
Spurs,2009,11,1.0,9.0,149.27713014674117,516.3640209093275,26.865184766049836,Mid
Inter Turku,2011,20,17.0,9.0,38.35128655647127,104.47134091864228,24.402220527902223,Relegation
Shamrock Rovers,2021,19,11.0,11.0,36.37802653913536,111.1394556837682,25.124773237389228,Relegation
Getafe,2022,14,17.0,10.0,42.59997749350293,64.77034779745183,29.29116708117875,Mid
Stade Rennais,2017,20,10.0,10.0,20.90338725937647,23.478973565168182,26.15710012698997,Relegation
Derry City,2021,20,12.0,10.0,14.364775936130236,130.51465513854183,27.229054434126457,Relegation
Rayo Vallecano,2004,16,14.0,18.0,9.40723703118928,109.79986762124408,25.89506574704032,Relegation
Aberdeen,2012,17,19.0,9.0,19.630615923720264,30.23865159997638,26.13597808478195,Relegation
Arsenal,2011,10,3.0,2.0,123.9024430924128,508.5339228567597,28.369127788746443,Mid
Aberdeen,2020,18,14.0,14.0,44.09905617145567,44.36397829519113,23.13556693741031,Relegation
Freiburg,2017,19,17.0,12.0,28.22717041285932,134.69626582549046,27.61314305801396,Relegation
Liverpool,2024,8,2.0,7.0,104.71767194909611,600.699431603426,26.76313161295017,Europe
FC Barcelona,2014,8,1.0,7.0,107.74423691301914,476.4170627228988,27.454457662517758,Europe
Spurs,2020,6,3.0,5.0,172.28781244945253,871.3523561948194,24.73332168776147,Europe
Freiburg,2006,12,10.0,8.0,24.883107316026788,137.73364316695967,27.90147986685891,Mid
Celtic,2000,10,3.0,7.0,126.80549896516024,803.2197464428067,29.162966338914263,Mid
Real Betis,2015,15,10.0,10.0,54.876779383200926,125.32691581858496,29.367294409764146,Mid
Ipswich Town,2022,12,10.0,12.0,20.957523214608557,75.56577380717515,25.44509271615479,Mid
Marseille,2010,15,19.0,8.0,49.566489011822696,179.99973632065334,28.15469605910461,Mid
Malmo FF,2020,17,18.0,7.0,53.130318973841234,68.71159904484739,26.32541400570884,Relegation
FC Barcelona,2019,15,3.0,1.0,155.47672338637972,365.189443824269,26.37832156876197,Mid
Real Betis,2007,17,13.0,16.0,20.80394382302083,50.5423827012018,25.599092978125626,Relegation
Marseille,2012,20,19.0,16.0,38.52650565801813,85.58376291708176,24.06244604612964,Relegation
Celtic,2009,8,3.0,3.0,43.73633541250975,729.3495297651237,23.794327867332733,Europe
West Ham,2011,16,18.0,6.0,10.85500281943244,198.41035270465576,28.25065437157545,Relegation
Freiburg,2016,16,17.0,17.0,17.482695122148264,187.45739927080825,24.81876645171942,Relegation
Atletico Madrid,2012,10,4.0,2.0,111.58597869175274,572.8320865185162,27.476597585005457,Mid
West Ham,2008,17,14.0,19.0,23.675272182421217,142.33651088475256,26.125403075762296,Relegation
West Ham,2004,18,10.0,16.0,38.02282232988384,177.26188055354098,28.61402116027837,Relegation
Shamrock Rovers,2016,20,6.0,5.0,14.97906616949227,141.9307633799971,27.614289219365848,Relegation
Inter Turku,2023,13,12.0,18.0,39.88367919780171,58.02172966512758,27.60773624890951,Mid
Newcastle United,2019,15,19.0,9.0,40.35131950246353,123.89334260811466,27.62761041009037,Mid
Freiburg,2014,16,13.0,7.0,23.17740882360039,91.00573014260635,25.20564199187425,Relegation
Stade Rennais,2011,19,14.0,10.0,28.86462644561592,178.42821282586732,27.50572092586182,Relegation
Leverkusen,2010,6,6.0,6.0,197.5471583239213,856.1716465479833,27.099531927628963,Europe
Ipswich Town,2006,12,9.0,8.0,47.35344546673369,41.30051436620972,29.28113884950128,Mid
Leverkusen,2011,12,3.0,2.0,74.16181860970751,554.0968850662803,25.522964659312255,Mid
Manchester United,2017,11,6.0,1.0,141.0270273949402,572.7528464911873,26.505063259895746,Mid
Girona,2009,17,6.0,12.0,42.4160457582045,163.2426804984982,26.510959559110947,Relegation
Galway United,2007,14,8.0,8.0,33.48913938701024,92.5773961039854,26.83632460643619,Mid
Shamrock Rovers,2010,20,,,14.37772988000973,,,Relegation
Galway United,2018,17,9.0,10.0,20.187460580296467,27.068494563497417,28.761450338370526,Relegation
Real Betis,2016,17,10.0,9.0,45.6677909205049,88.01309886964155,25.390571845855973,Relegation
Girona,2018,14,12.0,19.0,42.06247815952818,93.61152999456858,25.99862936327445,Mid
Inter Milan,2003,10,2.0,7.0,176.07545836173404,441.22285911329175,26.83057237418205,Mid
Freiburg,2001,13,8.0,9.0,47.06493357803795,102.76407627847765,26.723001185803167,Mid
Inter Turku,2022,15,17.0,12.0,36.05088405361303,146.4752370544812,26.80996965714751,Mid
Marseille,2017,15,11.0,9.0,43.6645681590707,56.10084519313693,27.99247250318853,Mid
Stade Rennais,2004,20,16.0,13.0,42.52756840642554,20.785388537055635,26.298581256720546,Relegation
Manchester United,2009,9,6.0,4.0,76.73570572063498,282.285910105154,24.90145042396684,Mid
Real Madrid,2012,9,4.0,9.0,150.55003809639456,470.7147424103762,24.66568969498704,Europe
Manchester United,2002,20,,,187.9297688602888,,,Relegation
Bayern,2020,10,6.0,4.0,131.6866286289359,852.9115183333784,25.416728038109543,Mid
Real Betis,2006,15,12.0,13.0,55.00000615847728,192.5664333334123,26.28507511192438,Mid
Leverkusen,2009,16,7.0,7.0,144.98589402897144,324.2001386287948,27.602316679074725,Mid
Bayern,2001,5,7.0,4.0,53.70531993542889,825.9336122648828,28.942594934692806,Europe
Bayern,2006,10,2.0,6.0,129.245346779204,711.4553571674722,25.442482216362382,Mid
Newcastle United,2023,20,11.0,6.0,45.97482295182033,163.60645679455422,24.658588277294516,Relegation
Stade Rennais,2012,15,18.0,17.0,18.422787176738133,44.58816265721107,24.892214150439766,Mid
Leeds United,2001,18,10.0,15.0,57.71760200290954,103.78460157859703,27.391553213384757,Relegation
Inter Milan,2011,15,3.0,3.0,103.44858911839412,292.2005200053655,25.71094773599863,Mid
Manchester United,2019,2,1.0,7.0,58.28572319967671,735.3606807214941,26.432568119841424,Top4
AC Milan,2005,19,2.0,4.0,191.4773966277433,274.13406308263035,27.327214412859284,Relegation
Girona,2005,14,11.0,11.0,9.264956898954916,113.2993374254726,26.73058765891829,Mid
Liverpool,2015,8,2.0,5.0,40.37430250012452,877.3895717449606,26.38634375916782,Europe
Brentford,2013,14,13.0,5.0,34.47142095810531,66.18130106624548,26.47054330160998,Mid
Oulu,2016,19,13.0,8.0,1.933567147812428,114.09682548113656,27.036757523006536,Relegation
Girona,2006,15,7.0,14.0,44.70534844749806,145.46283337914824,25.061487855359832,Mid
Rangers,2004,11,5.0,6.0,155.63311323171655,684.7727020759755,25.88505924422084,Mid
Hearts of Midlothian,2004,18,13.0,11.0,17.477289218810217,135.7187438105674,27.286397016464758,Relegation
Spurs,2019,8,7.0,3.0,151.031751114736,579.9071103433173,27.960336171280183,Europe
Rayo Vallecano,2016,20,8.0,17.0,5.259706129771375,25.51745039704509,27.346416082040104,Relegation
Arsenal,2006,11,3.0,6.0,75.21555425297552,348.8765490388584,25.45267595752697,Mid
Girona,2003,14,12.0,5.0,19.698398304220383,50.50869440349665,24.2277291629712,Mid
Wolfsburg,2006,7,11.0,19.0,13.087995174892042,178.00941406736737,26.062283096626683,Europe
Waterford,2008,15,13.0,8.0,49.22101342058097,187.4717156304786,27.48256092067268,Mid
Brentford,2021,20,7.0,5.0,13.787648205355763,37.22861999362911,26.565717207968664,Relegation
Cardiff City,2021,15,11.0,6.0,36.82098157213104,89.9707426177784,26.839887987239216,Mid
Spurs,2001,17,1.0,6.0,132.99811542761796,308.05390069194164,29.06349349478325,Relegation
Inter Turku,2007,19,12.0,19.0,31.18650735580955,20.9623089537856,27.44462481759801,Relegation
West Ham,2005,15,14.0,14.0,6.410260771574378,80.54668348911596,29.106594143116688,Mid
Oulu,2012,20,6.0,11.0,59.069835454831605,91.22743344328266,26.348441834677114,Relegation
Rangers,2021,14,6.0,2.0,61.412538079950906,640.6903878242156,23.84638614266632,Mid
Manchester United,2001,8,7.0,4.0,111.392195356407,764.0911728324832,27.9366846027053,Europe
Leeds United,2022,15,18.0,16.0,2.919044589983863,185.75261260682365,28.3738026512313,Mid
Arsenal,2013,8,7.0,3.0,99.72949060476049,389.5212712004876,24.834136231801256,Europe
Freiburg,2013,16,12.0,9.0,29.806227084284917,47.00875964491716,28.252326582725296,Relegation
Aberdeen,2010,16,13.0,11.0,38.81696615782671,103.91268640296026,26.70344801316393,Relegation
Oulu,2024,17,12.0,12.0,22.899001445152354,161.4157586352429,29.309530935363185,Relegation
Arsenal,2010,13,1.0,8.0,133.9925766774519,405.83127545468005,23.31385288850474,Mid
Real Madrid,2018,12,5.0,2.0,65.72928822679978,584.1136525566103,25.428472872960448,Mid
KuPS,2021,20,11.0,14.0,40.05616774283825,166.68915113729705,27.568942725769645,Relegation
Oulu,2023,14,8.0,17.0,24.98685024467815,182.57434019019723,28.57267584617791,Mid
Roma,2012,16,18.0,14.0,41.09759963137136,33.72305923524161,27.76229251305964,Relegation
Atletico Madrid,2017,12,,,93.9914934195069,,,Mid
Malmo FF,2004,20,19.0,18.0,19.585611970227163,162.4537550912556,26.153601325187005,Relegation
Stade Rennais,2003,19,17.0,7.0,6.2680819470088025,143.6634679705837,22.84177426258536,Relegation
Shamrock Rovers,2006,12,15.0,19.0,54.59763856088314,104.25242976217224,28.88652895866268,Mid
Bayern,2002,12,3.0,9.0,91.73944993848332,358.6594815588916,25.620153880655923,Mid
Newcastle United,2017,16,7.0,5.0,50.02175428916062,175.6295904719066,26.459808480046505,Relegation
Newcastle United,2022,20,14.0,15.0,52.83241811677953,92.74525789718594,28.28420573338696,Relegation
Oulu,2021,17,17.0,11.0,56.007042735503774,153.48847150132138,25.49540225126741,Relegation
Derry City,2019,17,18.0,17.0,49.305673539559,197.0420971724593,23.638288663183918,Relegation
Inter Turku,2003,16,18.0,14.0,1.337396300286568,103.84863558016244,25.28311432129421,Relegation
Stade Rennais,2021,18,6.0,12.0,8.759577748066297,174.2833207741308,25.35527676528443,Relegation
Brentford,2004,19,7.0,10.0,54.93995444113673,166.47793189752556,26.587602208154003,Relegation
Ajax,2015,5,2.0,7.0,79.00831003362873,659.1323191688797,25.57532148204843,Europe
Spurs,2000,16,2.0,6.0,153.75239661387974,339.6548491368238,26.823790972283508,Mid
Ajax,2007,10,5.0,2.0,140.43926638357382,653.2205585218821,25.806614079878724,Mid
Girona,2017,14,12.0,14.0,2.495693861511993,193.2767146420265,23.9963014613642,Mid
KuPS,2001,10,8.0,15.0,5.46628391127746,89.80869618504762,26.086446710618706,Mid
Ipswich Town,2018,20,9.0,6.0,54.479809747320246,45.06416680116713,26.47897069261362,Relegation
Rangers,2005,14,4.0,2.0,93.34517154545767,713.1358329019954,25.379382881047537,Mid
Oulu,2019,14,16.0,13.0,31.31719334001928,182.5936425876279,29.0936721521043,Mid
AC Milan,2008,7,1.0,4.0,156.11614565825653,632.074314594108,24.0646671429653,Europe
Brentford,2002,16,11.0,14.0,35.6366407543679,50.319989325689534,29.15244746259516,Relegation
Marseille,2006,9,10.0,14.0,57.42288550986412,46.67202708139018,27.486286620227663,Mid
Shamrock Rovers,2008,18,19.0,11.0,56.17515311686311,87.64490285229553,26.17538323751112,Relegation
Malmo FF,2012,20,15.0,15.0,49.75410784606102,125.84008341733312,28.212196476958376,Relegation
AC Milan,2001,13,3.0,7.0,52.31671473039461,252.9085296978469,26.37492358708856,Mid
Rangers,2023,10,2.0,2.0,84.18712925134392,694.8835412190012,26.48604951829208,Mid
Inter Milan,2016,7,3.0,5.0,96.47336055237704,634.904714334727,28.3266227284768,Europe
Galway United,2009,20,11.0,14.0,32.729193149741214,70.05791271194417,25.964892155111457,Relegation
Hearts of Midlothian,2000,18,7.0,13.0,44.64060674287906,54.4268752246256,28.961569944593435,Relegation
Shamrock Rovers,2003,14,9.0,8.0,45.265680072391696,47.36874213640853,27.062825435735743,Mid
Cardiff City,2005,20,16.0,15.0,44.31492428345713,81.43735627100938,26.988155289150715,Relegation
Atletico Madrid,2006,12,5.0,9.0,96.95863748351778,825.952084027148,25.76703987191788,Mid
Oulu,2018,17,8.0,6.0,8.270721967263166,145.7355125376447,28.053737857626352,Relegation
Rayo Vallecano,2021,12,7.0,8.0,25.881534685533868,69.82900350230929,27.70074736264896,Mid
Rayo Vallecano,2008,20,7.0,14.0,10.881472353285115,38.82221126019205,27.434964709981905,Relegation
Derry City,2021,18,12.0,10.0,14.364775936130236,130.51465513854183,27.229054434126457,Relegation
Leverkusen,2017,6,3.0,2.0,96.8615309897183,748.654249139778,28.669755903919867,Europe
Inter Turku,2010,14,14.0,8.0,34.599584566162974,176.31394182944877,24.26959604120932,Mid
Atletico Madrid,2005,12,5.0,5.0,95.21322045158188,443.33345013787846,26.576263853704237,Mid
Rangers,2008,9,5.0,9.0,162.57854924729378,792.1450077744125,25.349418240143983,Europe
Ipswich Town,2021,20,,,30.174386746410484,,,Relegation
Real Betis,2014,18,6.0,6.0,3.1724901905234915,44.093381384113975,27.01368537701127,Relegation
Hibernian,2022,13,19.0,16.0,18.40740175159522,107.48008888356854,25.67691263838856,Mid
Aberdeen,2013,18,14.0,17.0,42.424339792713766,79.64339937253706,25.052941861373927,Relegation
Rangers,2007,20,5.0,1.0,51.04472654205594,203.9660701706971,25.965292543947506,Relegation
Derry City,2008,16,11.0,13.0,44.05300248334791,189.23974500283128,26.017506227412373,Relegation
Ipswich Town,2002,18,17.0,18.0,58.93618223632257,57.77155907415369,25.273862235968256,Relegation
Leeds United,2021,14,16.0,18.0,32.29090922996711,23.21514064609749,27.18512982873068,Mid
Newcastle United,2013,13,13.0,19.0,31.78207275153657,81.67762786176476,27.019732713846988,Mid
Freiburg,2002,16,14.0,11.0,15.111626148739612,45.604886363695314,25.994371043322943,Relegation
Shamrock Rovers,2022,16,11.0,14.0,54.86292928170671,81.15864361379188,29.414002186242257,Relegation
Rangers,2024,16,7.0,8.0,174.2941587769604,202.67394586100815,27.737647397001453,Mid
Ipswich Town,2003,18,9.0,7.0,26.971740879373943,46.54145480713111,25.424766519095797,Relegation
Rayo Vallecano,2009,20,16.0,17.0,42.682067862727166,25.685506068615567,29.217970186202308,Relegation
Atletico Madrid,2004,14,3.0,2.0,136.30966328655364,356.69434613442445,29.010622239087077,Mid
Freiburg,2020,20,18.0,12.0,6.00272894670239,148.9382098512828,26.704802996624107,Relegation
Waterford,2005,17,15.0,16.0,22.482653725619468,121.91870283547098,30.14371648301823,Relegation
Freiburg,2018,20,13.0,5.0,37.22208150084364,31.997367300924196,26.948938870609737,Relegation
Brentford,2001,11,8.0,16.0,33.36148357743713,127.36738549737588,23.273155573194,Mid
AC Milan,2007,9,1.0,1.0,42.46318267060936,608.0482397629842,26.00932270511678,Mid
Liverpool,2010,13,4.0,1.0,155.4452577795049,627.2832669055704,26.30845622408384,Mid
Marseille,2015,15,10.0,12.0,18.111722425285446,187.58179475935395,27.929536220717853,Mid
Roma,2023,20,10.0,14.0,47.28083062220164,87.85739754673041,28.08199946806478,Relegation
Arsenal,2004,17,2.0,1.0,133.93091586185076,222.99266917040683,24.557381841904576,Relegation
Inter Turku,2013,19,19.0,15.0,57.00284089767259,169.90974233643362,26.407070880852856,Relegation
Real Madrid,2015,12,1.0,5.0,184.0668891461329,643.1710200912876,24.64457393368288,Mid
Newcastle United,2006,19,17.0,5.0,15.899139142449735,84.6651346249242,28.606815061016317,Relegation
Aberdeen,2021,20,6.0,13.0,11.650575475152992,67.24470532182761,25.004774046254557,Relegation
Bayern,2023,11,5.0,2.0,120.97720877548014,362.785950855766,25.01153010094586,Mid
Liverpool,2004,14,2.0,5.0,170.40870854439314,548.663527457704,26.276955363831668,Mid
Ajax,2002,13,2.0,9.0,48.86654215075911,431.8025424149049,23.341529587239517,Mid
Ajax,2009,9,1.0,3.0,158.3492636420973,628.5930359857107,25.593006898757174,Europe
Leeds United,2022,14,18.0,16.0,2.919044589983863,185.75261260682365,28.3738026512313,Mid
FC Barcelona,2008,6,2.0,4.0,78.56407456416187,678.2844631778207,28.19534229084556,Europe
Bayern,2005,1,3.0,6.0,147.1179128317104,895.8975528548173,27.06108485477136,Top4
Roma,2000,12,,,33.2708318309119,,,Mid
Marseille,2020,15,19.0,18.0,49.26357819918289,65.5064490960561,28.59527230271999,Mid
Girona,2020,16,18.0,9.0,38.65796503675767,113.005326336782,25.31859713446169,Relegation
Freiburg,2022,9,16.0,8.0,46.70455833968973,139.0467099926746,25.042578942234023,Mid
Aberdeen,2002,20,18.0,8.0,45.45485452891621,177.1146958818196,27.554322697892683,Relegation
KuPS,2023,20,17.0,5.0,26.50842735779749,25.60683670281039,26.00104402247356,Relegation
Waterford,2022,20,7.0,16.0,40.25654729671536,110.12796665060084,23.40295376506187,Relegation
Atletico Madrid,2014,14,6.0,9.0,182.4843649183832,615.5147174878341,26.835004238044533,Mid
Spurs,2018,17,7.0,8.0,63.986788375803805,360.475976662849,27.94577547807304,Relegation
FC Barcelona,2007,20,1.0,2.0,101.66664040638658,211.17637655414995,26.455242145960376,Relegation
Derry City,2020,15,12.0,19.0,4.113150213716555,144.56202607039785,25.209422483830743,Mid
Hibernian,2009,13,14.0,5.0,7.716465215119483,82.14016570430458,26.208502681869508,Mid
Hibernian,2005,16,8.0,12.0,28.714882016450343,100.5442654380424,22.610280723487385,Relegation
Getafe,2018,15,11.0,11.0,26.13939702776953,60.0637551627855,26.62409565370072,Mid
Celtic,2002,15,7.0,8.0,182.34432528281064,208.6167921112529,27.18584481224153,Mid
Derry City,2017,14,18.0,9.0,4.966816625343108,127.07252831034371,27.135012922912864,Mid
AC Milan,2014,9,6.0,5.0,52.3432269663331,837.8177996260554,26.136776161264105,Mid
Hearts of Midlothian,2016,19,16.0,9.0,18.53703065480841,73.98544007125724,26.05559883473668,Relegation
Getafe,2004,16,6.0,14.0,19.81956218733192,172.07755597450182,25.56595072026911,Relegation
Manchester United,2012,14,3.0,3.0,78.64589467226908,447.98992905205097,26.17447442436345,Mid
Galway United,2004,16,9.0,10.0,10.511909906532232,138.15372863011822,26.5884763323844,Relegation
Brentford,2017,18,15.0,13.0,50.5518168691365,182.004162211642,24.63420514691307,Relegation
Wolfsburg,2011,17,13.0,16.0,47.77841072299652,123.96680585860835,24.34258303252395,Relegation
Derry City,2007,17,7.0,8.0,45.69040228159234,73.1130228675757,25.55742386350729,Relegation
Real Madrid,2024,19,,,131.5206718734693,,,Relegation
Waterford,2007,20,13.0,16.0,26.141153039181617,169.82543713897908,25.613774351896293,Relegation
Leeds United,2000,20,18.0,13.0,55.87533068007458,39.05013688914512,25.107595822875325,Relegation
Atletico Madrid,2022,4,3.0,4.0,40.84800102361687,882.5470140615997,27.86180792086364,Top4
Freiburg,2015,14,11.0,14.0,47.31597608638636,180.5752440092422,28.213489681807527,Mid
Ajax,2006,4,7.0,2.0,93.11783542923244,747.142790637273,28.06028284718913,Top4
Malmo FF,2019,15,8.0,10.0,23.72105356655875,173.86504018386705,27.720322059955823,Mid
Girona,2007,17,18.0,14.0,48.7523081732323,165.82041104225254,28.57300690625792,Relegation
Aberdeen,2000,17,18.0,8.0,41.24930966605083,76.74309823690115,24.051095881469017,Relegation
Stade Rennais,2010,20,18.0,8.0,51.17053206607383,58.15892984575845,28.67870130170612,Relegation
Atletico Madrid,2010,8,2.0,7.0,125.00252063576544,704.3612429740253,23.047118252896624,Europe
Aberdeen,2006,15,17.0,13.0,6.075897264943649,30.264844520651486,25.536708021198592,Mid
Waterford,2023,18,19.0,11.0,56.13154928645304,144.03577767468136,26.83343478370128,Relegation
Marseille,2024,17,6.0,15.0,38.07760879772093,106.736146269431,23.87616993548469,Relegation
Freiburg,2007,19,8.0,11.0,32.00477269614976,106.69427237627522,25.89069664206725,Relegation
Real Madrid,2000,14,6.0,7.0,183.3746079877589,422.6024324803048,24.401888677591213,Mid
Real Madrid,2022,12,6.0,6.0,196.62285732400144,540.7195070716186,26.720461975685826,Mid
KuPS,2010,12,12.0,14.0,45.75161097406705,22.633086597981627,27.68358503106328,Mid
Spurs,2024,7,7.0,9.0,107.86090740838176,715.510964937306,25.01559276961213,Europe
Real Madrid,2004,5,1.0,4.0,98.18073638068704,880.2474579046725,27.106076285221807,Europe
Spurs,2003,9,5.0,9.0,161.63645758234986,616.947118425491,27.64037664195304,Europe
Celtic,2007,3,2.0,4.0,132.8354430056047,591.7819113865579,26.54192718286669,Top4
Aberdeen,2001,19,8.0,5.0,38.311379131465,43.09865519397761,29.098073937052124,Relegation
Manchester United,2023,13,1.0,8.0,160.42212705149376,525.5386738104511,27.36553874000268,Mid
Spurs,2011,8,1.0,1.0,102.63713763224033,572.3002357817218,24.13071886403111,Europe
West Ham,2019,19,7.0,16.0,3.089919736694159,79.22924576657678,26.68773204559433,Relegation
Derry City,2012,19,11.0,5.0,3.669702152114384,59.22356748536242,28.560711741140658,Relegation
Spurs,2008,15,3.0,5.0,69.82479788610306,364.98422224549984,27.61354737438868,Mid
Celtic,2005,9,1.0,1.0,191.4631094389674,437.83817900578254,22.9757075395122,Europe
Hibernian,2001,17,9.0,10.0,47.41826977411178,194.7379171654609,27.083080184576666,Relegation
Ipswich Town,2007,17,11.0,19.0,50.54833485250141,89.08993134794792,29.326879458901917,Relegation
Cardiff City,2000,20,6.0,5.0,30.04170659576209,55.101616478950845,28.265810197078373,Relegation
Aberdeen,2019,20,16.0,19.0,37.369262464940334,102.33975005657987,25.043352727623528,Relegation
Shamrock Rovers,2009,20,16.0,9.0,46.010706797707485,28.181450078443277,29.27884709316257,Relegation
Bayern,2016,19,7.0,6.0,130.65205794742695,473.7299341407221,22.72744232119749,Relegation
Waterford,2001,17,9.0,6.0,5.531639023087595,62.29896995624449,24.882194391232005,Relegation
Girona,2004,18,14.0,14.0,56.23313167548608,145.28536340149515,25.1742138456983,Relegation
Ajax,2013,11,4.0,3.0,103.36015462169844,293.1068592351302,28.55214772264572,Mid
FC Barcelona,2024,7,5.0,9.0,56.8790815728433,519.5741993380371,25.8778530483918,Europe
Rayo Vallecano,2023,16,6.0,7.0,46.78401221509034,92.9558329554338,28.98992140408793,Relegation
FC Barcelona,2018,14,4.0,8.0,83.95548687841027,592.8703980933908,26.99026783595502,Mid
Leeds United,2004,16,12.0,6.0,17.935249857319853,131.0468453076336,26.53696314764288,Relegation
West Ham,2000,20,11.0,13.0,44.53349024748498,113.63025977817172,28.58288668216628,Relegation
Leverkusen,2019,3,3.0,7.0,115.2510486562857,551.4351494419129,24.84053772815749,Top4
Cardiff City,2009,11,14.0,18.0,24.47516635786436,165.07620215616507,26.30911297014659,Mid
KuPS,2020,16,15.0,18.0,13.904221166877711,127.15458786694803,25.585648256746023,Relegation
Liverpool,2022,14,4.0,7.0,112.82298960578498,565.7042032498182,28.521783671993557,Mid
Inter Milan,2019,10,7.0,7.0,191.1117732310885,649.2140781089907,26.255018789074157,Mid
Leverkusen,2024,13,3.0,8.0,56.66197726724599,357.8071288245857,26.13370024721136,Mid
Liverpool,2018,10,1.0,7.0,155.85653268370217,646.0621058526408,28.532267758559875,Mid
Shamrock Rovers,2014,11,14.0,13.0,12.159206901356091,186.0261472406185,27.82160736043392,Mid
Malmo FF,2010,20,10.0,19.0,37.01227222378133,24.339834813560028,26.233869342687253,Relegation
Ajax,2000,13,2.0,9.0,66.57197637336219,241.37407461295817,26.37868225320181,Mid
Ipswich Town,2017,20,15.0,13.0,46.82592286035569,31.765908361589343,25.710882951682063,Relegation
Marseille,2004,11,6.0,6.0,59.55409507311196,89.53817115376387,25.866188334392444,Mid
Rayo Vallecano,2011,20,19.0,19.0,49.07468171104422,34.42067234924153,26.671800049323195,Relegation
Girona,2016,17,17.0,14.0,20.054431903533512,163.13351505836667,25.833251883671227,Relegation
Wolfsburg,2003,17,8.0,17.0,45.20773904905081,72.30576076514392,29.51501393395,Relegation
Aberdeen,2023,20,17.0,6.0,3.247091735359837,131.59434167734955,25.0125093360495,Relegation
Girona,2021,12,18.0,11.0,3.815251533807279,121.88669788893374,29.38543661821792,Mid
Marseille,2003,18,9.0,9.0,2.924458952152424,30.386527114861792,23.942954479755592,Relegation
Leverkusen,2012,16,4.0,6.0,126.75795287869572,613.243383321141,23.6512354181268,Relegation
Getafe,2007,20,10.0,17.0,17.64003978170708,51.93911788035011,27.62094040768489,Relegation
Cardiff City,2019,14,16.0,5.0,1.8044074104434664,78.09078309079491,24.90563547632032,Mid
Derry City,2013,19,12.0,8.0,35.30360922933921,39.05358245802359,26.600222324766108,Relegation
FC Barcelona,2015,14,3.0,1.0,136.95359596496183,848.4106149593442,25.139918997130103,Mid
KuPS,2016,19,19.0,16.0,43.73631997344284,154.2356082337027,26.92801726066488,Relegation
Celtic,2010,13,5.0,5.0,192.94701263285108,419.77670216414697,25.96751907383007,Mid
Stade Rennais,2009,17,19.0,7.0,22.81898210324342,29.423903633745034,25.82012738646548,Relegation
Wolfsburg,2001,20,11.0,5.0,33.06875482321612,34.71056223442009,26.728473270364937,Relegation
AC Milan,2003,16,7.0,2.0,82.78432445720661,210.57747895013253,28.284867095861756,Relegation
Leverkusen,2004,16,2.0,7.0,55.201871838768746,463.195022958918,23.25153215739381,Relegation
Hearts of Midlothian,2015,20,11.0,9.0,32.901210122049704,37.37620463517935,23.672199921968325,Relegation
Shamrock Rovers,2017,17,11.0,10.0,4.903746141231986,23.44798739922552,26.67080410046453,Relegation
Shamrock Rovers,2007,16,12.0,6.0,45.86503438926583,112.32598965945785,26.191347102955497,Relegation
Bayern,2014,14,1.0,9.0,121.5558794802717,777.7002757630278,26.7899960004291,Mid
Wolfsburg,2009,17,11.0,11.0,39.75002617873335,167.9785689080406,31.289661351767293,Relegation
Real Betis,2004,14,,,5.4506382782963865,,,Mid
Leeds United,2018,14,10.0,7.0,19.405167439212697,77.73369327886294,27.913249757745746,Mid
Galway United,2021,20,14.0,16.0,12.276793218484912,102.73714753872304,26.137452322875266,Relegation
AC Milan,2012,10,1.0,9.0,147.30808406117208,690.6073451030024,26.369866374176585,Mid
West Ham,2016,15,8.0,7.0,14.24199373836298,60.28717066807216,26.495481095224243,Mid
Ipswich Town,2005,18,16.0,19.0,59.902503172184026,187.9603996418404,24.96371976350619,Relegation
AC Milan,2016,9,7.0,2.0,168.81445095930604,776.0886635292372,26.859106750803065,Europe
Liverpool,2003,11,5.0,2.0,83.56917224309903,212.8734735832267,27.021372558042508,Mid
Aberdeen,2024,20,12.0,18.0,22.455076176247527,37.74696144354856,27.5341473557727,Relegation
Getafe,2021,20,12.0,13.0,35.92143559045578,83.03928440605644,26.254202104805547,Relegation
Wolfsburg,2017,20,12.0,5.0,25.64789777723088,197.1398574265696,25.686297899940705,Relegation
Manchester United,2013,12,1.0,7.0,49.23714547601875,473.72300838917903,26.03727581731627,Mid
Hearts of Midlothian,2017,17,19.0,13.0,3.840427322722853,182.5210991345577,27.142469443710244,Relegation
Spurs,2016,16,4.0,6.0,154.25025315577827,545.7870409916038,25.890587905915325,Mid
Rayo Vallecano,2011,18,19.0,19.0,49.07468171104422,34.42067234924153,26.671800049323195,Relegation
Derry City,2015,17,6.0,12.0,49.76651337729639,164.17652607260567,26.765828177607528,Relegation
Newcastle United,2015,16,10.0,5.0,44.118939017381706,48.10949206259131,27.258140719937227,Relegation
Bayern,2011,11,5.0,4.0,139.77371008044156,262.3871024812116,26.712575370459856,Mid
Atletico Madrid,2013,17,7.0,9.0,157.98483297501105,327.59871493317064,28.28439967192712,Relegation
Rayo Vallecano,2001,13,16.0,17.0,9.82525791738638,103.62774739444583,25.09446699340011,Mid
Freiburg,2009,20,10.0,10.0,47.62992641574874,124.786681360395,25.009815660914985,Relegation
Rangers,2018,13,2.0,4.0,139.9654180463044,250.2430643585591,24.84197002367081,Mid
Shamrock Rovers,2011,18,10.0,11.0,37.95301874771551,70.12473120695941,26.23354494192194,Relegation
Getafe,2013,15,14.0,11.0,57.45125222246092,141.8185827963746,24.48653076023501,Mid
Shamrock Rovers,2013,20,14.0,19.0,28.47526996397449,159.20858860080494,27.63609020346608,Relegation
Rayo Vallecano,2005,18,11.0,16.0,42.445433262102135,120.73676302764454,25.185521998038727,Relegation
Wolfsburg,2010,20,7.0,15.0,46.76109920459432,193.60579770214608,26.66990561580665,Relegation
Marseille,2008,13,10.0,7.0,20.253967424987245,171.13873802758226,29.05308273102389,Mid
Waterford,2011,18,18.0,9.0,43.924224583280605,107.19041340815286,27.25257848954155,Relegation
Roma,2015,18,17.0,16.0,57.67699155527878,55.44662680161711,27.056641076970884,Relegation
Liverpool,2002,9,7.0,9.0,62.29697185165186,784.4511657595094,26.52765089959809,Mid
Leverkusen,2002,20,1.0,9.0,124.84834131986533,229.3658564021454,28.683428035121675,Relegation
Brentford,2015,18,15.0,19.0,57.13279719019276,128.2901276263396,26.57329010548856,Relegation
Bayern,2015,5,2.0,7.0,65.88227381633754,750.3931697299662,26.355590037696857,Europe
FC Barcelona,2023,9,7.0,3.0,65.79540596064071,850.7883566398011,27.61556692565684,Mid
Brentford,2020,15,,,10.91283825694694,,,Mid
Malmo FF,2003,15,19.0,14.0,28.725006949982124,110.44835782884778,30.042417166007034,Mid
Brentford,2009,20,11.0,7.0,6.983828878503775,107.4569166535386,25.19414107560737,Relegation
Newcastle United,2010,16,9.0,14.0,3.321268899442069,41.97978452180482,27.59896011582337,Relegation
Cardiff City,2018,20,10.0,17.0,53.76164197712843,136.08252295262406,24.984931091074262,Relegation
Bayern,2003,15,1.0,2.0,147.1364185814339,248.9521239966039,26.20369716145455,Mid
Malmo FF,2023,13,10.0,16.0,3.689524318971459,190.27476017220783,24.494911841686104,Mid
West Ham,2015,19,6.0,17.0,16.353768709140112,112.74462637665066,26.75447933420628,Relegation
Newcastle United,2018,16,,,7.673479325517809,,,Relegation
Inter Turku,2001,15,13.0,17.0,49.69952418331294,172.07684259594123,26.061610357147345,Mid
Leeds United,2012,13,,,29.82994823387528,,,Mid
Getafe,2023,15,8.0,11.0,26.632658824808008,65.66279129716497,28.665620814528644,Mid
Inter Turku,2006,14,8.0,10.0,1.8485053182530164,157.58360955855693,28.502354871765167,Mid
Cardiff City,2011,16,10.0,6.0,8.521655128274524,164.03714258304424,23.33985686290076,Relegation
Waterford,2009,20,9.0,16.0,3.9829920896127984,132.7622635418469,24.988598958009952,Relegation
Getafe,2014,15,10.0,9.0,18.299435530185807,79.15961816658486,21.453856710305036,Mid
Hibernian,2015,16,7.0,6.0,7.754770645888402,89.09099894809631,25.577840702264623,Relegation
Brentford,2006,16,16.0,11.0,48.96615858424951,149.262153720769,24.048556996555348,Relegation
AC Milan,2019,15,1.0,6.0,167.9550022343778,433.5247523203302,25.86940731645756,Mid
Ipswich Town,2008,12,,,22.371891057485016,,,Mid
Aberdeen,2007,14,12.0,7.0,35.54967334848414,117.9820797741778,27.48604744508436,Mid
KuPS,2014,14,15.0,16.0,28.96135198685006,148.9514801524578,28.164894393820504,Mid
Hearts of Midlothian,2011,11,13.0,18.0,55.16651657974989,70.4067193190881,25.847166650799057,Mid
Inter Milan,2002,20,1.0,9.0,111.81018331945695,311.3175026181829,26.08833995933647,Relegation
Galway United,2001,19,11.0,17.0,23.692053482747323,102.64232419160255,25.805257956871905,Relegation
Inter Turku,2016,20,11.0,14.0,33.726574877025094,154.60298295668704,25.967427033441773,Relegation
Leeds United,2010,13,15.0,12.0,3.698779994938258,176.87662510742774,25.661617229092617,Mid
Newcastle United,2005,15,14.0,5.0,27.516596277610525,125.81918679986966,25.615032114378334,Mid
Cardiff City,2006,20,15.0,13.0,55.80271344088837,79.75487085245219,26.02485234109653,Relegation
Arsenal,2021,12,5.0,3.0,133.28664975515073,494.99718541474857,24.63774815357632,Mid
Atletico Madrid,2015,9,4.0,3.0,143.81165444665214,535.7074712279751,28.844220349312167,Europe
Stade Rennais,2019,15,11.0,8.0,1.5855054465423022,103.53712870163068,26.53369883921807,Mid
Real Betis,2022,8,16.0,7.0,54.28591246192095,131.10746817751254,26.58110631139073,Europe
Hearts of Midlothian,2019,10,12.0,17.0,50.45097882956354,71.35226090431695,24.06098336233517,Mid
Real Betis,2010,20,6.0,9.0,49.01390616270997,143.25161105969826,27.6129445247942,Relegation
Getafe,2009,19,12.0,12.0,52.1598798253736,121.13600458587923,27.646717352988567,Relegation
Waterford,2006,7,13.0,11.0,8.785953857813743,112.37295507622018,28.45046978820339,Europe
Hibernian,2013,19,12.0,16.0,49.45069867046337,20.28171893446512,25.686441517841807,Relegation
Hearts of Midlothian,2007,10,8.0,16.0,40.23410930508372,66.85163436188054,26.909046690294904,Mid
Oulu,2017,19,18.0,13.0,30.06157517444456,106.97255539646034,25.86332694528628,Relegation
Aberdeen,2016,17,15.0,13.0,4.66016905409811,81.07494811572215,26.615734744326573,Relegation
Girona,2024,17,15.0,14.0,56.99959816389177,179.60246971364856,26.502720416792016,Relegation
Ajax,2001,8,6.0,5.0,191.83690672752024,299.7895885231809,27.9667233245293,Europe
Cardiff City,2016,11,6.0,17.0,50.398517421172016,42.926505220618594,26.803433584579437,Mid
Leeds United,2023,18,14.0,18.0,7.921183148781274,42.53344259645908,27.237106850529248,Relegation
Freiburg,2021,14,18.0,7.0,5.204146938150258,22.17952554227974,24.47931056570545,Mid
Spurs,2004,11,6.0,7.0,167.086311994634,274.68947507940527,27.17727391302845,Mid
Arsenal,2016,7,5.0,8.0,56.65737311753182,759.9412597612326,24.806422343174155,Europe
Aberdeen,2009,15,11.0,18.0,36.31711133687558,137.53093846481158,24.844543193125904,Mid
Arsenal,2012,8,7.0,4.0,69.10850087924338,803.2499347094621,23.389914651387777,Europe
Girona,2000,18,6.0,16.0,56.48705647682194,191.7071438604657,26.164805822011225,Relegation
Real Madrid,2013,12,2.0,8.0,62.00335106335892,438.74644573518094,25.96488246134771,Mid
Leverkusen,2018,20,4.0,4.0,40.83673816686604,732.6935320196657,24.325215151778643,Relegation
Waterford,2020,20,12.0,8.0,58.65951602142039,162.88725870344717,25.801266881620585,Relegation
Liverpool,2008,14,5.0,2.0,66.6053390009727,716.6235314984593,26.780150146715616,Mid
Freiburg,2000,17,19.0,6.0,39.36186445149105,47.36447356315666,27.399893094994308,Relegation
Wolfsburg,2013,18,15.0,16.0,42.05804797195935,162.7870430788858,27.77916051268333,Relegation
Wolfsburg,2020,20,9.0,13.0,49.55454832706768,57.75553058306264,26.94009093346285,Relegation
Hibernian,2017,15,17.0,14.0,19.94378472813596,154.97313759856394,26.670879442151158,Mid
Getafe,2000,17,13.0,9.0,41.35386239449032,130.8532095901845,27.63390292268748,Relegation
West Ham,2023,19,18.0,17.0,44.3006852182684,113.82685619247468,25.932560674694457,Relegation
Rangers,2009,7,1.0,2.0,52.423893547456814,485.2801217227016,26.81772561846172,Europe
Newcastle United,2002,20,6.0,15.0,19.416735345090377,91.82827030468,29.07514822047158,Relegation
Stade Rennais,2007,20,17.0,9.0,3.842974731204477,84.8090838621761,26.50079193828489,Relegation
Inter Turku,2005,18,16.0,18.0,19.45390136341089,137.7815609886895,25.60364704634955,Relegation
Malmo FF,2022,13,18.0,7.0,52.80397725782296,120.41726161881316,26.762930168400885,Mid
FC Barcelona,2011,13,4.0,8.0,131.2710359048639,564.5839820180765,24.93415538764775,Mid
Ajax,2018,4,5.0,9.0,167.39897751302195,714.5176303328764,24.883935884522863,Top4
Hearts of Midlothian,2010,17,19.0,15.0,25.93035727040473,27.564441530852957,26.40483090408378,Relegation
Wolfsburg,2012,15,10.0,12.0,48.07693541733775,91.27468507924188,26.601783265791106,Mid
Ajax,2021,16,6.0,9.0,78.81252257181202,263.9161617812691,25.481707309771338,Relegation
Marseille,2002,18,14.0,17.0,29.411411076275403,134.37985621871405,27.42254529065848,Relegation
Rayo Vallecano,2006,20,18.0,18.0,2.9589834186906274,34.14412948790373,26.556490349751908,Relegation
Leeds United,2003,17,9.0,6.0,50.09591649950677,111.34419207695052,27.24243327634229,Relegation
Rayo Vallecano,2020,13,10.0,6.0,29.71346754405747,177.2161828546989,29.502605653795204,Mid
KuPS,2005,12,8.0,10.0,44.02484983190494,129.5136084584032,25.17235043774929,Mid
Aberdeen,2005,17,9.0,12.0,57.84531690098533,39.448020687753285,30.332029488853173,Relegation
Stade Rennais,2002,17,18.0,7.0,54.68664548740913,87.91724971337472,26.79038486705132,Relegation
Aberdeen,2011,10,14.0,16.0,42.402558158758175,120.16363472278796,27.559118370722697,Mid
Liverpool,2019,6,1.0,7.0,199.8965599305336,589.0646070060258,28.0429639454546,Europe
Ipswich Town,2000,20,13.0,6.0,36.362768974113095,128.3862159294466,26.666231642700705,Relegation
Bayern,2019,17,3.0,2.0,64.60658394688497,356.5301041474179,27.971602980512053,Relegation
Manchester United,2006,10,6.0,3.0,172.61940420047338,444.2230525292765,28.671380386768643,Mid
Girona,2019,20,7.0,18.0,6.538524114796213,52.91587947931532,26.023229640234124,Relegation
Real Madrid,2012,15,4.0,9.0,150.55003809639456,470.7147424103762,24.66568969498704,Mid
Stade Rennais,2005,17,12.0,9.0,43.069716987424805,139.94937444407716,26.632986386442155,Relegation
FC Barcelona,2021,8,3.0,7.0,116.05923570913788,594.2929003834686,25.051663492157537,Europe
Getafe,2002,20,7.0,7.0,38.95400488809884,102.485520288473,27.49319601178157,Relegation
Celtic,2022,12,4.0,4.0,178.16760360232723,612.1120654919239,24.741112586720885,Mid
Oulu,2013,16,12.0,14.0,17.63322353137902,85.48573540536803,25.690018546411466,Relegation
Malmo FF,2016,18,15.0,17.0,49.35696363088219,168.47367814767864,25.466562382812256,Relegation
Atletico Madrid,2000,14,2.0,3.0,151.62269943895413,757.5302429717141,27.3022139351219,Mid
West Ham,2003,16,8.0,15.0,59.87811252146691,83.12812678130783,25.724067324849443,Relegation
Real Madrid,2017,10,4.0,1.0,65.86059425513821,828.9879319689554,26.939608709948025,Mid
Hibernian,2016,20,9.0,6.0,6.444802732322177,127.33787339486628,27.879621421491983,Relegation
Rangers,2022,10,3.0,9.0,159.783237460192,422.3107566827816,26.500310597377297,Mid
Stade Rennais,2001,16,8.0,13.0,50.72000222747274,76.40262516532576,26.89384199350289,Relegation
Shamrock Rovers,2020,15,12.0,16.0,36.24025280085469,137.6090297261625,25.586674093284493,Mid
Roma,2021,16,9.0,19.0,14.690349905165252,102.48223707071008,27.29315215868736,Relegation
Bayern,2024,16,,,110.32187018126562,,,Relegation
Liverpool,2005,15,6.0,7.0,57.05259682058789,298.0129770623143,25.48113712492984,Mid
Ajax,2014,5,3.0,7.0,134.24321455694584,857.0653693053606,24.74688845726031,Europe
Malmo FF,2004,14,19.0,18.0,19.585611970227163,162.4537550912556,26.153601325187005,Mid
FC Barcelona,2006,17,,,177.5904650778113,,,Relegation
Hearts of Midlothian,2018,18,19.0,10.0,53.64584739023948,53.3594323151686,27.84870357053124,Relegation
KuPS,2001,20,8.0,15.0,5.46628391127746,89.80869618504762,26.086446710618706,Relegation
Malmo FF,2013,18,11.0,6.0,49.73000620445096,133.66258266494373,25.66100509279413,Relegation
Oulu,2010,19,12.0,15.0,34.24109350454739,164.68488028702552,26.082350676041724,Relegation
Inter Turku,2002,14,16.0,5.0,35.02544153260762,32.10606451412622,28.24209818114711,Mid
Leeds United,2009,16,11.0,5.0,35.34805715040012,82.25895025153221,24.96022705088341,Relegation
Rayo Vallecano,2007,20,11.0,11.0,8.83022948854056,122.15735268708046,27.98332410596353,Relegation
Marseille,2009,17,18.0,16.0,26.376069715258204,182.6763629195256,26.026061910331524,Relegation
Stade Rennais,2015,20,17.0,15.0,22.69937327761302,30.45655137446296,26.561378763093582,Relegation
Cardiff City,2001,18,12.0,6.0,36.545720011503846,112.09494485342252,27.456030524313093,Relegation
Ajax,2019,15,5.0,1.0,61.30914010680375,382.9331125197687,29.21427237777791,Mid
Wolfsburg,2005,16,9.0,14.0,20.482688827418357,156.2152710239543,25.30121199002462,Relegation
Newcastle United,2020,20,19.0,16.0,10.397959269325504,128.89170608429737,27.703706323479533,Relegation
Ipswich Town,2009,15,18.0,15.0,2.4273140695899595,169.70546786163922,26.711329370366805,Mid
Inter Milan,2013,13,3.0,9.0,167.46902355061957,375.3275291547493,25.911981040121304,Mid
Rayo Vallecano,2024,10,19.0,18.0,31.244297107142504,94.34561143658546,28.41346672393866,Mid
Ipswich Town,2011,19,19.0,14.0,52.49108477859151,171.54804202252555,27.27040015985457,Relegation
AC Milan,2000,1,2.0,8.0,145.08097015592912,877.9761321899246,24.32553217045221,Top4
Derry City,2006,16,17.0,14.0,43.310113539859415,174.10384982247382,26.328911241441464,Relegation
Ipswich Town,2013,20,19.0,11.0,54.33088648536211,183.6902345615113,26.088657464418205,Relegation
Brentford,2000,16,6.0,16.0,36.98007652442298,121.4190069227226,26.5233685713722,Relegation
Leverkusen,2003,12,7.0,2.0,60.495319418592,436.78725419614887,29.198907362528495,Mid
Leeds United,2015,16,7.0,19.0,41.14945882240807,137.81201857060432,27.56253467094903,Relegation
Rangers,2014,7,7.0,3.0,168.55723892750154,850.4596375422977,27.744212262897623,Europe
Roma,2002,16,18.0,13.0,56.305327851694926,128.59252502868975,25.439714298909703,Relegation
Ajax,2017,10,3.0,7.0,164.83402376570135,594.7250447387817,27.819125561706105,Mid
Rayo Vallecano,2003,20,11.0,13.0,3.337510695553072,106.49125050640922,26.105017146079053,Relegation
Inter Milan,2005,20,4.0,7.0,127.88956343681664,418.38881422849295,27.66840475526817,Relegation
Oulu,2003,19,15.0,18.0,19.05703634784449,119.33788455581342,25.906276569846003,Relegation
KuPS,2007,14,16.0,18.0,13.842376575251627,139.1031719119742,26.197762699078723,Mid
Manchester United,2011,19,6.0,6.0,53.36869400171036,213.3902765061009,29.11695875988802,Relegation
Rangers,2003,15,5.0,7.0,43.05857510876224,533.790427822472,25.225120681467036,Mid
Inter Turku,2019,8,13.0,10.0,41.45633203308499,183.8383462761962,24.597978688924936,Europe
Cardiff City,2007,20,14.0,6.0,50.678924028897896,106.8884251538482,26.46613308835837,Relegation
Cardiff City,2015,14,19.0,11.0,1.958363149357768,151.18004980111655,28.654503108558966,Mid
West Ham,2006,12,6.0,7.0,28.5713352257215,73.4605177618788,26.75271423912248,Mid
West Ham,2020,20,7.0,12.0,15.90629654369222,20.914785167244677,26.84446776540697,Relegation
Spurs,2017,10,5.0,4.0,113.12003508506854,622.7705104507588,26.890793480611023,Mid
Hibernian,2002,19,,,17.02255712031135,,,Relegation
Brentford,2007,15,16.0,15.0,2.075722377905336,55.240037423038295,26.120971467998555,Mid
Derry City,2001,13,17.0,12.0,56.40078890307267,101.50646855796502,25.78213015020371,Mid
Shamrock Rovers,2002,20,19.0,9.0,52.57023462500592,64.94041149324143,26.94427720709652,Relegation
Ipswich Town,2001,12,17.0,16.0,20.004372249521943,134.56831718884774,27.18263910536447,Mid
Celtic,2016,4,5.0,3.0,64.08343866614617,771.7298510836697,23.76291392964889,Top4
Inter Turku,2000,4,11.0,13.0,53.977232030502286,179.86127400812646,27.506111418925304,Top4
Inter Turku,2012,8,10.0,16.0,30.15471256763508,174.98815391059614,27.55277392823814,Europe
Spurs,2012,8,5.0,8.0,76.64406254796742,579.9945174293862,23.698972260446336,Europe
Atletico Madrid,2024,7,2.0,3.0,174.17320939241995,343.55429210462137,29.174669253062586,Europe
West Ham,2001,17,18.0,14.0,52.72325729388452,95.1510951250206,26.884242187650734,Relegation
AC Milan,2010,5,3.0,5.0,186.32778621576944,503.8146808961312,26.28860812858357,Top4
Getafe,2019,14,14.0,6.0,53.62191761782982,46.38886790456459,24.12751911157818,Mid
Inter Turku,2018,20,6.0,17.0,56.97591931383295,30.90888338868376,26.231275363504857,Relegation
Liverpool,2021,10,2.0,7.0,167.2546940734556,721.5451836841543,26.180091436051317,Mid
Stade Rennais,2022,18,19.0,13.0,8.092226518113998,67.8049099325491,26.703630819876494,Relegation
AC Milan,2024,3,6.0,2.0,105.40436179666114,846.818809298013,24.99023006093563,Top4
Wolfsburg,2023,15,14.0,9.0,16.004996889520687,167.465918876863,27.598210845227676,Mid
Ajax,2022,9,3.0,7.0,131.81609567600427,242.6313531696453,26.03297285983596,Mid
Roma,2001,11,18.0,10.0,9.987339354098047,181.9019382582983,27.6834450328516,Mid
Aberdeen,2017,17,9.0,18.0,10.553457391300608,138.45839925016855,24.770001395191382,Relegation
Real Madrid,2009,16,5.0,4.0,197.34770254317488,479.1771097111872,27.26863559855741,Mid
Liverpool,2017,9,1.0,8.0,161.34278623130905,647.2645697339833,28.015212190642927,Europe
Girona,2022,17,8.0,9.0,8.089714220532889,81.53834000895228,27.548638572789983,Relegation
Liverpool,2020,4,6.0,7.0,45.43135657372781,688.1941870727879,27.16995959727563,Top4
Liverpool,2013,8,2.0,5.0,95.10139712707732,446.0781127939532,24.926757498877485,Europe
Waterford,2004,20,15.0,10.0,47.11531327258754,76.46717216937174,26.37771575977097,Relegation
Freiburg,2019,14,13.0,17.0,9.859971048205455,152.7380783698674,29.52008087128993,Mid
Ajax,2008,9,2.0,6.0,156.8389334972589,542.9093337024212,27.86142741520031,Europe
Bayern,2017,8,6.0,2.0,140.47200844362175,672.012664486334,26.54230406728289,Europe
FC Barcelona,2012,9,6.0,8.0,175.12541578850423,723.1240770961666,30.011119501154568,Europe
Galway United,2017,14,13.0,14.0,31.331631110524324,75.52429066810711,26.53073951938904,Mid
Brentford,2018,17,10.0,8.0,17.213556097340028,168.0705773324621,25.46064220330614,Relegation
Arsenal,2023,7,5.0,5.0,105.50586435059849,586.4330265963862,23.869795875624007,Europe
KuPS,2000,18,8.0,7.0,51.443467154126985,178.8607778190225,28.64523345483982,Relegation
AC Milan,2021,9,4.0,5.0,165.43797739029685,493.57272816688015,28.74855160698914,Europe
West Ham,2009,20,17.0,15.0,57.047709853063296,161.54210259479936,26.25141542028008,Relegation
AC Milan,2020,12,2.0,6.0,108.41621339253396,509.7818603703219,28.543925539920053,Mid
Leverkusen,2020,8,2.0,4.0,101.66014128757789,650.355625938249,25.483786514504256,Europe
Derry City,2022,19,11.0,14.0,49.58958137009732,167.72530893802028,24.179044016592453,Relegation
Waterford,2019,12,11.0,14.0,3.061415537953318,198.15615441368024,26.41752828504865,Mid
Roma,2008,16,17.0,15.0,16.334393775327136,82.1345975289579,26.148970211339527,Relegation
Shamrock Rovers,2004,18,6.0,5.0,21.721943853578072,36.879774726262966,27.74369474100417,Relegation
Rayo Vallecano,2022,16,17.0,7.0,37.75502843024548,133.6808396166537,26.768911906640025,Relegation
Girona,2013,11,6.0,12.0,46.42961963281804,58.84778494943177,25.9977741289079,Mid
KuPS,2009,14,14.0,8.0,46.224387922422494,125.06844579164552,27.556759809737084,Mid
Roma,2007,16,18.0,9.0,32.10864567400014,183.15577350459864,25.090891324299225,Relegation
FC Barcelona,2013,10,1.0,9.0,87.40376091265318,315.6868573441017,28.106477780526053,Mid
Ipswich Town,2010,20,18.0,7.0,56.50007546180509,66.67341659583927,23.847340951655724,Relegation
FC Barcelona,2017,11,7.0,7.0,147.01460042617717,666.1456496322477,26.332018269239587,Mid
Inter Turku,2014,16,16.0,11.0,51.95484385650035,39.81139115620074,26.80308192403847,Relegation
Aberdeen,2008,16,16.0,15.0,3.4531586309490323,109.66338983864765,24.59438688403085,Relegation
Inter Turku,2008,20,8.0,9.0,52.00156156523348,125.64857118060328,26.717331749645336,Relegation
Oulu,2004,20,15.0,6.0,29.022106950561145,29.940053733745124,28.550909209423125,Relegation
Brentford,2023,18,19.0,17.0,36.07410377598421,109.41803459465048,25.294488148045403,Relegation
Liverpool,2007,4,5.0,7.0,131.7271005087041,786.674874224807,24.500883293817573,Top4
Getafe,2015,20,16.0,9.0,45.39009723682312,162.48422787065277,25.451280132862124,Relegation
Newcastle United,2007,19,10.0,16.0,29.003221669239014,171.9506808144555,24.09168489003838,Relegation
Brentford,2016,16,14.0,14.0,13.510645554585372,129.97657799317852,26.560887536805826,Relegation
Freiburg,2005,15,12.0,16.0,19.06896362641009,132.30125053249492,22.669118297647067,Mid
Brentford,2019,17,17.0,11.0,40.385444058196754,37.19635649024028,25.246979420110364,Relegation
Wolfsburg,2021,12,17.0,17.0,18.4928970957156,185.27743993209955,26.387552573741427,Mid
Shamrock Rovers,2023,16,6.0,13.0,21.466272605498748,98.41606228217177,25.773914471008304,Relegation
Rangers,2001,18,3.0,9.0,49.51545101876492,202.2174940064912,27.07275859126148,Relegation
Stade Rennais,2023,11,,,46.615370561201615,,,Mid
AC Milan,2018,18,6.0,8.0,50.95339509337249,459.7790569010895,27.830936255900117,Relegation
Real Madrid,2007,6,3.0,2.0,124.94953333074182,513.4482152011642,29.738092785044657,Europe
Malmo FF,2006,18,15.0,14.0,58.2854747266725,51.8876341800726,27.15396308425007,Relegation
Inter Milan,2007,6,4.0,3.0,41.82687735265178,692.5898457403357,26.3926011222129,Europe
Inter Milan,2020,10,6.0,7.0,141.16514458202238,339.2944972716058,28.780508855964253,Mid
Spurs,2022,11,7.0,8.0,179.53982543106423,852.4827977385287,29.17324542780412,Mid
Galway United,2019,13,10.0,10.0,49.40518239528218,99.30323504221532,25.461771681884663,Mid
Galway United,2020,20,6.0,8.0,23.552882866670043,131.48182174464404,28.72782886151909,Relegation
Leverkusen,2008,10,2.0,5.0,160.80670859940454,522.377648091898,27.236462427457376,Mid
Derry City,2024,20,15.0,17.0,5.996612170643103,104.00476175919351,28.057568276528976,Relegation
Cardiff City,2022,16,14.0,12.0,6.602951238474214,76.68532002600122,26.452731513365464,Relegation
Liverpool,2000,8,6.0,8.0,197.65876995867757,529.7458168856701,26.40356096933425,Europe
Rayo Vallecano,2017,19,6.0,11.0,28.294754447619663,176.2890509735085,27.89931862649293,Relegation
Stade Rennais,2008,17,14.0,7.0,28.004276704398343,57.59889032092947,27.401810123393677,Relegation
Waterford,2010,20,19.0,14.0,40.10498017837358,176.71409866702828,25.040618671013128,Relegation
Hibernian,2010,20,12.0,11.0,52.57912895642537,108.83838446122137,25.901332221695878,Relegation
Aberdeen,2004,16,,,51.14760049968912,,,Relegation
Galway United,2013,16,14.0,7.0,6.391072186764143,76.66864928329679,27.53908413267529,Relegation
Waterford,2024,16,9.0,11.0,1.9558234430285653,167.30847646031634,28.41829871997009,Relegation
Ajax,2020,16,1.0,2.0,86.10952415352472,204.5250504527974,24.288644081656884,Relegation
Ajax,2005,12,7.0,5.0,55.51450735446796,325.32214620910867,27.431121332919137,Mid
Hearts of Midlothian,2014,20,17.0,7.0,52.49247653440155,40.26447027414866,25.70986685101752,Relegation
Waterford,2021,15,8.0,13.0,30.917863019555732,134.82233741953308,23.972948959021263,Mid
Waterford,2016,15,14.0,11.0,7.557091692588732,136.6589062161422,24.859845126855383,Mid
Atletico Madrid,2008,15,,,84.3004237035526,,,Mid
Girona,2010,18,17.0,7.0,20.94171425424061,87.60493147518993,26.747534197164008,Relegation
AC Milan,2015,8,3.0,2.0,157.23735596578643,624.7122073022056,25.629920137944936,Europe
Real Madrid,2001,12,1.0,1.0,76.46962600671067,498.9754520383794,26.944180415596865,Mid
Real Betis,2000,20,12.0,5.0,41.18132619871764,62.75116483264459,25.676112727688395,Relegation
Celtic,2006,8,3.0,1.0,56.20158633842543,792.9976427856495,27.001748802667176,Europe
Stade Rennais,2013,16,12.0,8.0,44.57725002980751,76.812921877403,24.715882160699007,Relegation
Leverkusen,2012,6,4.0,6.0,126.75795287869572,613.243383321141,23.6512354181268,Europe
Oulu,2001,17,6.0,19.0,36.57933374814372,131.41848164574589,25.968907679699367,Relegation
Oulu,2013,14,12.0,14.0,17.63322353137902,85.48573540536803,25.690018546411466,Mid
Hibernian,2020,9,12.0,16.0,11.139060398298575,134.81787667945412,26.81486813446281,Mid
Bayern,2013,13,5.0,2.0,100.94552408175797,442.4252380123025,25.888265370897184,Mid
Newcastle United,2009,12,7.0,18.0,4.368124509269576,115.61051504018576,26.20547522637253,Mid
Oulu,2020,18,17.0,14.0,52.30675886601187,92.49964998192198,26.61141886612427,Relegation
Derry City,2003,12,18.0,13.0,54.88072814486593,54.09081521927229,26.89644673296315,Mid
Roma,2004,13,12.0,9.0,32.31350396192332,137.17232032125307,27.76001474011841,Mid
Leeds United,2002,10,12.0,14.0,8.603322180933267,80.32139376664554,25.46568951837945,Mid
Celtic,2019,5,4.0,5.0,116.08736599789226,580.1172087703642,26.88060949224186,Europe
Hearts of Midlothian,2006,20,19.0,8.0,52.40106445352007,157.89165977635446,24.52487672976692,Relegation
Ipswich Town,2016,18,19.0,12.0,58.5152445140856,86.81727690019969,25.06959308047045,Relegation
Marseille,2022,16,,,9.8264855220902,,,Relegation
Hearts of Midlothian,2001,16,16.0,13.0,26.6948218094914,123.90495153835036,27.693554712549613,Relegation
FC Barcelona,2022,16,4.0,5.0,79.88675666382,487.2680461249408,25.31611250695312,Relegation
Girona,2012,20,18.0,10.0,35.859162373571635,25.490044989028892,25.160319589556167,Relegation
Atletico Madrid,2023,10,6.0,8.0,155.66337545948412,774.6030312073468,26.928970249282425,Mid
Hearts of Midlothian,2008,20,12.0,15.0,7.548378683595383,100.46999788515656,27.475572683081904,Relegation
KuPS,2002,17,14.0,12.0,58.11588291099478,31.981651024560115,27.911044215734023,Relegation
Cardiff City,2020,15,17.0,7.0,9.744830263860154,36.57777575592616,28.498283666141177,Mid
Oulu,2011,15,10.0,10.0,47.05280558634561,74.65230886589124,26.67465736099509,Mid
Leeds United,2007,16,17.0,19.0,55.98965822509104,38.45175103832226,26.91853228865551,Relegation
Girona,2002,16,10.0,19.0,57.85357864826592,173.5417019841248,25.229809422897397,Relegation
West Ham,2017,15,,,53.80036503244256,,,Mid
Spurs,2023,12,5.0,8.0,144.21875375811936,739.8726679638166,27.38541192859268,Mid
Real Madrid,2010,11,1.0,6.0,151.3300490865411,800.8511633696039,27.315233036863653,Mid
Arsenal,2003,6,3.0,4.0,125.98329647006766,843.8989314889324,24.56505865038842,Europe
AC Milan,2004,11,6.0,9.0,124.12099512946158,374.6670567867741,28.020513610815797,Mid
KuPS,2013,11,8.0,9.0,39.59383148464455,180.0430263092018,29.29693758523462,Mid
Real Betis,2020,11,17.0,9.0,6.216085178573148,162.52721110453393,25.655112082809456,Mid
Rayo Vallecano,2000,15,11.0,9.0,16.870610861670762,163.56063811469386,26.478566452915047,Mid
Real Madrid,2019,11,6.0,3.0,144.3138015204161,356.98851662239184,25.037977494659017,Mid
Newcastle United,2000,20,11.0,17.0,26.792757940192764,37.53081065963939,28.91510120304007,Relegation
Derry City,2011,17,19.0,8.0,44.299104717349934,133.80286715621497,23.79166410787448,Relegation
Getafe,2001,11,12.0,6.0,2.564167321955687,125.4396046292234,26.670276017876876,Mid
Manchester United,2020,12,3.0,7.0,163.6778754088939,866.0094201079768,27.305973486316304,Mid
Bayern,2018,17,,,62.604487884080925,,,Relegation
Liverpool,2012,10,4.0,4.0,65.92222046265354,789.0707622170304,27.061877664176468,Mid
Leeds United,2017,18,10.0,15.0,57.9067078639423,156.8169341188575,26.351236204330927,Relegation
Newcastle United,2011,19,10.0,5.0,30.926853712615152,27.483114629070577,26.378925129837125,Relegation
KuPS,2003,19,14.0,5.0,5.372219931917157,87.58440712397007,26.057831073550386,Relegation
Ipswich Town,2019,18,9.0,6.0,25.25464055344169,82.52179872659168,26.870616066709456,Relegation
Hibernian,2003,13,7.0,5.0,3.3461919343256032,128.73290187281947,26.1767526965202,Mid
Hearts of Midlothian,2020,18,19.0,6.0,34.82761139247786,138.5885126252127,25.75621238389478,Relegation
Real Madrid,2008,12,7.0,8.0,78.02200703878395,709.7514440283016,28.347667565074165,Mid
FC Barcelona,2009,9,3.0,1.0,81.4047970560027,663.7655990477874,27.05967837209413,Mid
AC Milan,2013,10,5.0,8.0,144.6390547743682,772.8586965369361,26.388809340354936,Mid
Spurs,2010,12,6.0,3.0,139.85624706909402,577.8467433402432,29.49707431343054,Mid
Rayo Vallecano,2010,20,13.0,12.0,43.13112899581324,164.31105495256253,27.03688859303765,Relegation
Rayo Vallecano,2020,15,10.0,6.0,29.71346754405747,177.2161828546989,29.502605653795204,Mid
Roma,2016,16,8.0,16.0,59.69433834399111,148.11010503428878,26.57194216897232,Relegation
Shamrock Rovers,2024,17,8.0,14.0,17.409620173710135,45.60594315982678,27.775308050696854,Relegation
Marseille,2000,17,12.0,12.0,48.68825093380032,65.68779406820508,27.20290869474939,Relegation
Rayo Vallecano,2002,9,11.0,15.0,42.00393128146601,174.82203149405683,28.928203037530896,Mid
Cardiff City,2023,14,18.0,10.0,52.54349319549571,199.2024020883238,26.91211285411952,Mid
Roma,2003,17,17.0,14.0,35.35031682632564,198.23760084577185,26.43594430791508,Relegation
Hearts of Midlothian,2009,17,11.0,18.0,52.009252961837525,118.39667963380192,26.87940522139762,Relegation
Hearts of Midlothian,2021,14,,,36.33973198245542,,,Mid
Arsenal,2007,10,1.0,7.0,196.086610509241,521.2922916119091,28.160985844365424,Mid
Derry City,2002,16,13.0,16.0,17.104049689157783,81.4565485287737,25.85412015972658,Relegation
Malmo FF,2021,14,,,2.5227541789277224,,,Mid
AC Milan,2009,14,6.0,6.0,56.30289613966988,205.8239595590344,25.20341339362873,Mid
KuPS,2019,16,11.0,7.0,38.546082610469085,78.41212403156158,25.273898654638977,Relegation
Ajax,2011,11,5.0,1.0,193.15151416307756,823.0966374128398,25.674072210096806,Mid
Real Madrid,2011,14,4.0,4.0,42.65405262845698,558.4651408094967,27.47363009894366,Mid
Spurs,2006,18,4.0,3.0,50.6394027786844,718.7844545030414,28.25167309248971,Relegation
FC Barcelona,2002,17,4.0,8.0,153.29161244736727,214.4091460070617,25.62868279896473,Relegation
Inter Turku,2004,16,18.0,17.0,8.67475951990787,24.036660049169924,28.32219558534158,Relegation
Hibernian,2008,19,19.0,14.0,18.315840569279175,187.71566949790696,25.331272522107557,Relegation
Hearts of Midlothian,2022,9,13.0,5.0,2.4833755383590908,145.00108210352758,27.251641254909767,Mid
Newcastle United,2008,16,17.0,12.0,35.535907499408374,176.28883049238655,26.111436781268942,Relegation
Rayo Vallecano,2014,20,12.0,9.0,39.86375875455169,109.675228961565,25.70605264368067,Relegation
Rangers,2010,11,6.0,6.0,88.98197454073491,584.3912353940209,28.14513014019991,Mid
Leverkusen,2014,15,7.0,9.0,161.77944592690528,312.0501444682011,26.124297941512133,Mid
Leverkusen,2021,11,2.0,5.0,146.08672072007874,201.31591846743743,27.507620936615936,Mid
Atletico Madrid,2016,12,7.0,8.0,133.84566954572145,595.1209797658489,27.333460359450303,Mid
Liverpool,2023,8,3.0,2.0,181.59973704372496,571.1855928444302,28.446109172293937,Europe
Galway United,2014,20,7.0,9.0,47.07686795502168,91.6810029124421,27.921976179785474,Relegation
Arsenal,2008,10,7.0,8.0,120.3512016529988,616.7695121240306,26.763934985831867,Mid
Derry City,2018,10,17.0,11.0,11.178908739835364,122.2353735168945,29.621148856058785,Mid
Malmo FF,2007,15,19.0,9.0,1.619124827256722,181.11175199322423,22.701630872170472,Mid
Aberdeen,2014,16,6.0,11.0,27.796836101465654,94.2103510096998,28.94270283215848,Relegation
Inter Milan,2022,13,1.0,8.0,50.80040746941151,563.0906960664165,26.15439892869135,Mid
Derry City,2023,19,11.0,7.0,21.69832745076592,85.26076338063702,25.624601010480998,Relegation
Hibernian,2011,16,6.0,12.0,25.88786253379105,93.98379354779824,25.520654841382655,Relegation
Cardiff City,2012,19,15.0,16.0,9.890561733049193,173.28697747475942,24.11178470830851,Relegation
KuPS,2006,8,17.0,8.0,3.6738374586927818,82.99008911533517,28.68561793830485,Europe
Roma,2011,15,11.0,5.0,57.518113142349456,115.33875031021158,29.63430808254216,Mid
Waterford,2017,14,9.0,19.0,47.640710106028735,45.3993669238432,25.068941296683462,Mid
KuPS,2022,13,11.0,12.0,6.214711872086604,145.8107891277294,27.639319704367065,Mid
Malmo FF,2011,19,11.0,9.0,54.42679143780517,170.3670554511643,24.4667057506356,Relegation
Real Betis,2017,20,6.0,7.0,17.209176024528617,57.30097682145016,25.526129082499438,Relegation
Galway United,2003,15,14.0,6.0,2.9268845862852566,105.60731452796148,27.173828081927557,Mid
FC Barcelona,2001,12,3.0,7.0,49.29337794691192,806.3233020424547,26.978353277034078,Mid
Real Betis,2013,17,14.0,10.0,49.92068902168435,122.43466444983456,24.853981197150013,Relegation
Malmo FF,2024,17,19.0,12.0,18.500136447268492,33.89375544076423,26.36290066373633,Relegation
AC Milan,2011,7,7.0,4.0,109.50453104105756,706.4134724950006,26.52371131616776,Europe
Inter Turku,2015,13,12.0,13.0,39.01114669539788,195.3645777460561,27.47858307436535,Mid
Spurs,2015,16,1.0,5.0,164.57151024812018,300.1895898839288,27.10573083801896,Mid
Marseille,2015,18,10.0,12.0,18.111722425285446,187.58179475935395,27.929536220717853,Relegation
Arsenal,2009,15,5.0,7.0,108.2862248538799,759.8474154519886,25.827959290299653,Mid
AC Milan,2002,4,6.0,4.0,135.84713394406106,636.5541448031863,26.77853888461159,Top4
Bayern,2022,13,6.0,4.0,120.4105722341508,479.0641194406192,25.94243064506065,Mid
Leeds United,2024,19,17.0,8.0,26.3880477990683,56.09445080606061,25.388751388048448,Relegation
Manchester United,2004,11,6.0,7.0,192.45040272040097,428.7197794210286,26.628839509439995,Mid
FC Barcelona,2000,9,7.0,4.0,192.11428902558657,712.3957592679835,24.832179822929614,Europe
Rangers,2016,8,1.0,5.0,45.38706851421964,350.239651281162,28.721857822883205,Europe
Waterford,2012,14,18.0,14.0,13.306713696721992,73.35056123755102,29.264354572456977,Mid
Celtic,2015,10,7.0,5.0,194.6267817386252,590.3961783750308,27.942132528051317,Mid
Hibernian,2000,16,11.0,8.0,47.53933357041621,135.12900101198272,25.282765483399714,Relegation
Manchester United,2018,9,5.0,1.0,119.31260003710256,853.1890640858159,27.031926352026915,Mid
Freiburg,2008,14,10.0,18.0,15.666235205181582,44.08467253030797,24.75653926541857,Mid
Leverkusen,2005,7,2.0,6.0,83.80660920225705,849.8222729940039,27.96139333319321,Europe
Rangers,2011,18,2.0,3.0,123.61225589387922,409.6959745677117,29.320652719603984,Relegation
Galway United,2012,19,16.0,19.0,57.5289625262466,59.68028076417541,26.837896175871325,Relegation
FC Barcelona,2020,14,6.0,7.0,46.469374326149016,697.4640227800512,26.274199212610327,Mid
Shamrock Rovers,2005,20,18.0,11.0,18.19619389613384,57.35736851702662,26.45900209884086,Relegation
Arsenal,2001,6,7.0,6.0,123.01408914017154,613.8928050214505,25.617869760528173,Europe
Brentford,2010,17,16.0,17.0,48.378527972127145,117.0490298015458,25.02359143706125,Relegation
Freiburg,2004,13,9.0,8.0,59.80511437732563,166.51464851108338,26.755624333563237,Mid
Celtic,2020,9,5.0,6.0,60.90437501175407,753.3568559924195,27.20153975764815,Mid
Spurs,2021,12,7.0,8.0,120.94218862151456,628.0179648042536,25.479607619209137,Mid
Hibernian,2019,18,19.0,6.0,9.193408257394504,40.832769202166965,27.8703921876688,Relegation
Derry City,2005,16,8.0,14.0,56.55044170678202,161.15711138574804,28.16027527328473,Relegation
Hibernian,2007,20,,,28.308265345935187,,,Relegation
Spurs,2002,15,4.0,3.0,48.29176589158831,435.6229947357445,25.597046981655424,Mid
Roma,2018,15,12.0,10.0,37.71825261241752,196.612010617213,27.32306240197755,Mid
Leverkusen,2013,8,3.0,7.0,150.2216483280145,811.3260411025653,26.617644098527965,Europe
Roma,2009,19,17.0,13.0,53.51832710636487,147.38984304815494,27.1995375616695,Relegation
Roma,2022,18,6.0,15.0,57.64989929899598,157.44423239598305,26.959021597026844,Relegation
Galway United,2022,16,7.0,5.0,18.9650594321881,55.657193009652126,26.342930112061996,Relegation
Stade Rennais,2006,11,19.0,13.0,7.216530412800532,160.7282954020884,26.795973561108397,Mid
Galway United,2008,13,17.0,12.0,19.85947126223169,98.87180899994397,28.89407273709333,Mid
Aberdeen,2022,18,16.0,8.0,18.544330347199868,49.25683774436742,26.597139642556847,Relegation
Marseille,2016,13,14.0,13.0,35.8354342995389,31.03957201579087,23.1886544120646,Mid
Newcastle United,2016,17,11.0,9.0,57.83746313640354,65.95517445111773,26.345733755295896,Relegation
Malmo FF,2009,9,17.0,11.0,14.374748472420496,122.04070332491648,25.96647563461317,Mid
Leeds United,2008,20,9.0,8.0,41.58525761574799,32.21067063893094,28.110447624789657,Relegation
Derry City,2009,12,10.0,13.0,51.9249967264086,168.04903687224086,26.4151903840274,Mid
Inter Milan,2012,7,2.0,9.0,65.16371330875445,416.8515014463695,27.54021836787099,Europe
Wolfsburg,2024,16,17.0,16.0,32.00065984019588,63.98118934156391,25.60244828465467,Relegation
Brentford,2012,19,17.0,14.0,48.18708463001728,53.225323316665936,26.59474818896076,Relegation
Celtic,2013,17,1.0,2.0,66.93391294706083,372.8351986673099,25.850110174768684,Relegation
Hibernian,2004,14,16.0,12.0,15.092542963713733,104.53551944252762,24.37757108392534,Mid
Freiburg,2023,19,17.0,7.0,11.272450784710976,37.71121694841152,28.278556231994497,Relegation
Leverkusen,2023,8,1.0,7.0,179.88199529763804,557.0767987491777,24.72882690602449,Europe
Roma,2005,14,11.0,13.0,13.093891362082168,150.61289604939486,29.472368747222788,Mid
Aberdeen,2015,19,11.0,13.0,15.801866893551312,41.68052119938177,27.142475038562857,Relegation
Inter Milan,2010,10,1.0,5.0,154.952631571608,803.8483298044252,27.2380282719892,Mid
Hearts of Midlothian,2005,14,9.0,14.0,31.246630435558124,74.95592180541163,28.04302391604459,Mid
Leverkusen,2022,20,7.0,5.0,44.6514208550326,316.81958249840966,25.875708995904787,Relegation
Real Betis,2019,11,,,19.158857146491915,,,Mid
Cardiff City,2017,16,6.0,13.0,28.17951996017586,109.81480104447787,26.138195875299783,Relegation
Inter Milan,2000,7,1.0,4.0,191.873380299282,642.5116494305203,26.75802354852378,Europe
AC Milan,2006,1,3.0,8.0,134.0137393775043,690.7977160922316,27.010883824600747,Top4
Waterford,2000,13,12.0,19.0,1.9789563573232751,139.1093628759122,25.366312749762457,Mid
Manchester United,2014,9,3.0,6.0,75.1286277167683,871.9039618994187,28.032074943144096,Mid
Inter Milan,2009,17,1.0,1.0,194.72564404098335,236.1681051605728,27.362807524159848,Relegation
Oulu,2014,14,7.0,7.0,59.51459997777572,139.5563083529214,24.86203678800077,Mid
Leeds United,2006,18,11.0,7.0,45.900646247619655,117.42798416169984,26.357056701419573,Relegation
Malmo FF,2018,20,,,1.7281217175620665,,,Relegation
Malmo FF,2002,11,8.0,19.0,52.32633214096365,86.87837203757739,27.232742008679864,Mid
Marseille,2018,20,11.0,19.0,12.276003860264154,75.81521690169592,26.25621080780515,Relegation
West Ham,2024,15,16.0,15.0,10.463606214474254,80.12159817414282,27.320169031247858,Mid
Inter Milan,2014,7,7.0,3.0,176.1088416967754,887.3339886535774,24.481772745621665,Europe
Galway United,2024,15,13.0,19.0,45.67969571825454,181.63363643260195,26.20859630203222,Mid
